file,DATE-OBS,FILTER,OBJECT,OERAY,FRINCID,REMOVEIT
_lv4/SP_20190417/frin/j_20190417_0029_8.0_00.0_HDE283809_sky-PROC-vfvDFTPC_q001_o.fits,2019-04-17T10:13:21.81,J,HDE283809_sky,o,J_HDE283809_sky_001_o,0
_lv4/SP_20190417/frin/j_20190417_0030_8.0_45.0_HDE283809_sky-PROC-vfvDFTPC_q001_o.fits,2019-04-17T10:13:41.84,J,HDE283809_sky,o,J_HDE283809_sky_001_o,0
_lv4/SP_20190417/frin/j_20190417_0031_8.0_22.5_HDE283809_sky-PROC-vfvDFTPC_u001_o.fits,2019-04-17T10:14:01.143,J,HDE283809_sky,o,J_HDE283809_sky_001_o,0
_lv4/SP_20190417/frin/j_20190417_0032_8.0_67.5_HDE283809_sky-PROC-vfvDFTPC_u001_o.fits,2019-04-17T10:14:21.153,J,HDE283809_sky,o,J_HDE283809_sky_001_o,0
_lv4/SP_20190417/frin/j_20190417_0053_8.0_00.0_Elias29_sky-PROC-vfvDFTPC_q001_o.fits,2019-04-17T10:26:50.420,J,Elias29_sky,o,J_Elias29_sky_001_o,0
_lv4/SP_20190417/frin/j_20190417_0054_8.0_45.0_Elias29_sky-PROC-vfvDFTPC_q001_o.fits,2019-04-17T10:27:10.413,J,Elias29_sky,o,J_Elias29_sky_001_o,0
_lv4/SP_20190417/frin/j_20190417_0055_8.0_22.5_Elias29_sky-PROC-vfvDFTPC_u001_o.fits,2019-04-17T10:27:30.470,J,Elias29_sky,o,J_Elias29_sky_001_o,0
_lv4/SP_20190417/frin/j_20190417_0056_8.0_67.5_Elias29_sky-PROC-vfvDFTPC_u001_o.fits,2019-04-17T10:27:50.411,J,Elias29_sky,o,J_Elias29_sky_001_o,0
_lv4/SP_20190417/frin/j_20190417_0029_8.0_00.0_HDE283809_sky-PROC-vfvDFTPC_q001_e.fits,2019-04-17T10:13:21.81,J,HDE283809_sky,e,J_HDE283809_sky_001_e,0
_lv4/SP_20190417/frin/j_20190417_0030_8.0_45.0_HDE283809_sky-PROC-vfvDFTPC_q001_e.fits,2019-04-17T10:13:41.84,J,HDE283809_sky,e,J_HDE283809_sky_001_e,0
_lv4/SP_20190417/frin/j_20190417_0031_8.0_22.5_HDE283809_sky-PROC-vfvDFTPC_u001_e.fits,2019-04-17T10:14:01.143,J,HDE283809_sky,e,J_HDE283809_sky_001_e,0
_lv4/SP_20190417/frin/j_20190417_0032_8.0_67.5_HDE283809_sky-PROC-vfvDFTPC_u001_e.fits,2019-04-17T10:14:21.153,J,HDE283809_sky,e,J_HDE283809_sky_001_e,0
_lv4/SP_20190417/frin/j_20190417_0053_8.0_00.0_Elias29_sky-PROC-vfvDFTPC_q001_e.fits,2019-04-17T10:26:50.420,J,Elias29_sky,e,J_Elias29_sky_001_e,0
_lv4/SP_20190417/frin/j_20190417_0054_8.0_45.0_Elias29_sky-PROC-vfvDFTPC_q001_e.fits,2019-04-17T10:27:10.413,J,Elias29_sky,e,J_Elias29_sky_001_e,0
_lv4/SP_20190417/frin/j_20190417_0055_8.0_22.5_Elias29_sky-PROC-vfvDFTPC_u001_e.fits,2019-04-17T10:27:30.470,J,Elias29_sky,e,J_Elias29_sky_001_e,0
_lv4/SP_20190417/frin/j_20190417_0056_8.0_67.5_Elias29_sky-PROC-vfvDFTPC_u001_e.fits,2019-04-17T10:27:50.411,J,Elias29_sky,e,J_Elias29_sky_001_e,0
_lv4/SP_20190417/frin/h_20190417_0029_8.0_00.0_HDE283809_sky-PROC-vfvDFTPC_q001_o.fits,2019-04-17T10:13:21.81,H,HDE283809_sky,o,H_HDE283809_sky_001_o,0
_lv4/SP_20190417/frin/h_20190417_0030_8.0_45.0_HDE283809_sky-PROC-vfvDFTPC_q001_o.fits,2019-04-17T10:13:41.84,H,HDE283809_sky,o,H_HDE283809_sky_001_o,0
_lv4/SP_20190417/frin/h_20190417_0031_8.0_22.5_HDE283809_sky-PROC-vfvDFTPC_u001_o.fits,2019-04-17T10:14:01.143,H,HDE283809_sky,o,H_HDE283809_sky_001_o,0
_lv4/SP_20190417/frin/h_20190417_0032_8.0_67.5_HDE283809_sky-PROC-vfvDFTPC_u001_o.fits,2019-04-17T10:14:21.153,H,HDE283809_sky,o,H_HDE283809_sky_001_o,0
_lv4/SP_20190417/frin/h_20190417_0053_8.0_00.0_Elias29_sky-PROC-vfvDFTPC_q001_o.fits,2019-04-17T10:26:50.420,H,Elias29_sky,o,H_Elias29_sky_001_o,0
_lv4/SP_20190417/frin/h_20190417_0054_8.0_45.0_Elias29_sky-PROC-vfvDFTPC_q001_o.fits,2019-04-17T10:27:10.413,H,Elias29_sky,o,H_Elias29_sky_001_o,0
_lv4/SP_20190417/frin/h_20190417_0055_8.0_22.5_Elias29_sky-PROC-vfvDFTPC_u001_o.fits,2019-04-17T10:27:30.470,H,Elias29_sky,o,H_Elias29_sky_001_o,0
_lv4/SP_20190417/frin/h_20190417_0056_8.0_67.5_Elias29_sky-PROC-vfvDFTPC_u001_o.fits,2019-04-17T10:27:50.411,H,Elias29_sky,o,H_Elias29_sky_001_o,0
_lv4/SP_20190417/frin/h_20190417_0029_8.0_00.0_HDE283809_sky-PROC-vfvDFTPC_q001_e.fits,2019-04-17T10:13:21.81,H,HDE283809_sky,e,H_HDE283809_sky_001_e,0
_lv4/SP_20190417/frin/h_20190417_0030_8.0_45.0_HDE283809_sky-PROC-vfvDFTPC_q001_e.fits,2019-04-17T10:13:41.84,H,HDE283809_sky,e,H_HDE283809_sky_001_e,0
_lv4/SP_20190417/frin/h_20190417_0031_8.0_22.5_HDE283809_sky-PROC-vfvDFTPC_u001_e.fits,2019-04-17T10:14:01.143,H,HDE283809_sky,e,H_HDE283809_sky_001_e,0
_lv4/SP_20190417/frin/h_20190417_0032_8.0_67.5_HDE283809_sky-PROC-vfvDFTPC_u001_e.fits,2019-04-17T10:14:21.153,H,HDE283809_sky,e,H_HDE283809_sky_001_e,0
_lv4/SP_20190417/frin/h_20190417_0053_8.0_00.0_Elias29_sky-PROC-vfvDFTPC_q001_e.fits,2019-04-17T10:26:50.420,H,Elias29_sky,e,H_Elias29_sky_001_e,0
_lv4/SP_20190417/frin/h_20190417_0054_8.0_45.0_Elias29_sky-PROC-vfvDFTPC_q001_e.fits,2019-04-17T10:27:10.413,H,Elias29_sky,e,H_Elias29_sky_001_e,0
_lv4/SP_20190417/frin/h_20190417_0055_8.0_22.5_Elias29_sky-PROC-vfvDFTPC_u001_e.fits,2019-04-17T10:27:30.470,H,Elias29_sky,e,H_Elias29_sky_001_e,0
_lv4/SP_20190417/frin/h_20190417_0056_8.0_67.5_Elias29_sky-PROC-vfvDFTPC_u001_e.fits,2019-04-17T10:27:50.411,H,Elias29_sky,e,H_Elias29_sky_001_e,0
_lv4/SP_20190417/frin/k_20190417_0029_8.0_00.0_HDE283809_sky-PROC-vfvDFTPC_q001_o.fits,2019-04-17T10:13:21.81,K,HDE283809_sky,o,K_HDE283809_sky_001_o,0
_lv4/SP_20190417/frin/k_20190417_0030_8.0_45.0_HDE283809_sky-PROC-vfvDFTPC_q001_o.fits,2019-04-17T10:13:41.84,K,HDE283809_sky,o,K_HDE283809_sky_001_o,0
_lv4/SP_20190417/frin/k_20190417_0031_8.0_22.5_HDE283809_sky-PROC-vfvDFTPC_u001_o.fits,2019-04-17T10:14:01.143,K,HDE283809_sky,o,K_HDE283809_sky_001_o,0
_lv4/SP_20190417/frin/k_20190417_0032_8.0_67.5_HDE283809_sky-PROC-vfvDFTPC_u001_o.fits,2019-04-17T10:14:21.153,K,HDE283809_sky,o,K_HDE283809_sky_001_o,0
_lv4/SP_20190417/frin/k_20190417_0053_8.0_00.0_Elias29_sky-PROC-vfvDFTPC_q001_o.fits,2019-04-17T10:26:50.420,K,Elias29_sky,o,K_Elias29_sky_001_o,0
_lv4/SP_20190417/frin/k_20190417_0054_8.0_45.0_Elias29_sky-PROC-vfvDFTPC_q001_o.fits,2019-04-17T10:27:10.413,K,Elias29_sky,o,K_Elias29_sky_001_o,0
_lv4/SP_20190417/frin/k_20190417_0055_8.0_22.5_Elias29_sky-PROC-vfvDFTPC_u001_o.fits,2019-04-17T10:27:30.470,K,Elias29_sky,o,K_Elias29_sky_001_o,0
_lv4/SP_20190417/frin/k_20190417_0056_8.0_67.5_Elias29_sky-PROC-vfvDFTPC_u001_o.fits,2019-04-17T10:27:50.411,K,Elias29_sky,o,K_Elias29_sky_001_o,0
_lv4/SP_20190417/frin/k_20190417_0029_8.0_00.0_HDE283809_sky-PROC-vfvDFTPC_q001_e.fits,2019-04-17T10:13:21.81,K,HDE283809_sky,e,K_HDE283809_sky_001_e,0
_lv4/SP_20190417/frin/k_20190417_0030_8.0_45.0_HDE283809_sky-PROC-vfvDFTPC_q001_e.fits,2019-04-17T10:13:41.84,K,HDE283809_sky,e,K_HDE283809_sky_001_e,0
_lv4/SP_20190417/frin/k_20190417_0031_8.0_22.5_HDE283809_sky-PROC-vfvDFTPC_u001_e.fits,2019-04-17T10:14:01.143,K,HDE283809_sky,e,K_HDE283809_sky_001_e,0
_lv4/SP_20190417/frin/k_20190417_0032_8.0_67.5_HDE283809_sky-PROC-vfvDFTPC_u001_e.fits,2019-04-17T10:14:21.153,K,HDE283809_sky,e,K_HDE283809_sky_001_e,0
_lv4/SP_20190417/frin/k_20190417_0053_8.0_00.0_Elias29_sky-PROC-vfvDFTPC_q001_e.fits,2019-04-17T10:26:50.420,K,Elias29_sky,e,K_Elias29_sky_001_e,0
_lv4/SP_20190417/frin/k_20190417_0054_8.0_45.0_Elias29_sky-PROC-vfvDFTPC_q001_e.fits,2019-04-17T10:27:10.413,K,Elias29_sky,e,K_Elias29_sky_001_e,0
_lv4/SP_20190417/frin/k_20190417_0055_8.0_22.5_Elias29_sky-PROC-vfvDFTPC_u001_e.fits,2019-04-17T10:27:30.470,K,Elias29_sky,e,K_Elias29_sky_001_e,0
_lv4/SP_20190417/frin/k_20190417_0056_8.0_67.5_Elias29_sky-PROC-vfvDFTPC_u001_e.fits,2019-04-17T10:27:50.411,K,Elias29_sky,e,K_Elias29_sky_001_e,0
