file,COUNTER,DATE-OBS,OBJECT,EXPTIME,FILTER,POL-AGL1,SETID,NSATPIXO,NSATPIXE,REMOVEIT,DARKFRM,FLATFRM,MASKFILE
_lv2/SP_20190417/j_20190417_0017_8.0_00.0_HDE283809-PROC-v-PROC-vfv_q001.fits,17,2019-04-17T10:06:31.288,HDE283809,8,J,0.0,q001,0,0,0,__logs/SP_20190417/cal-mdark/mdark_J_8.0s.fits,__logs/SP_20190417/cal-mflat/mflat_J_20180507-lv1.fits,__logs/SP_20190417/cal-mmask/mmask_J.fits
_lv2/SP_20190417/j_20190417_0018_8.0_45.0_HDE283809-PROC-v-PROC-vfv_q001.fits,18,2019-04-17T10:06:57.254,HDE283809,8,J,45.0,q001,0,0,0,__logs/SP_20190417/cal-mdark/mdark_J_8.0s.fits,__logs/SP_20190417/cal-mflat/mflat_J_20180507-lv1.fits,__logs/SP_20190417/cal-mmask/mmask_J.fits
_lv2/SP_20190417/j_20190417_0019_8.0_22.5_HDE283809-PROC-v-PROC-vfv_u001.fits,19,2019-04-17T10:07:23.379,HDE283809,8,J,22.5,u001,0,0,0,__logs/SP_20190417/cal-mdark/mdark_J_8.0s.fits,__logs/SP_20190417/cal-mflat/mflat_J_20180507-lv1.fits,__logs/SP_20190417/cal-mmask/mmask_J.fits
_lv2/SP_20190417/j_20190417_0020_8.0_67.5_HDE283809-PROC-v-PROC-vfv_u001.fits,20,2019-04-17T10:07:49.385,HDE283809,8,J,67.5,u001,0,0,0,__logs/SP_20190417/cal-mdark/mdark_J_8.0s.fits,__logs/SP_20190417/cal-mflat/mflat_J_20180507-lv1.fits,__logs/SP_20190417/cal-mmask/mmask_J.fits
_lv2/SP_20190417/j_20190417_0021_8.0_00.0_HDE283809-PROC-v-PROC-vfv_q002.fits,21,2019-04-17T10:08:46.795,HDE283809,8,J,0.0,q002,0,0,0,__logs/SP_20190417/cal-mdark/mdark_J_8.0s.fits,__logs/SP_20190417/cal-mflat/mflat_J_20180507-lv1.fits,__logs/SP_20190417/cal-mmask/mmask_J.fits
_lv2/SP_20190417/j_20190417_0022_8.0_45.0_HDE283809-PROC-v-PROC-vfv_q002.fits,22,2019-04-17T10:09:14.295,HDE283809,8,J,45.0,q002,0,0,0,__logs/SP_20190417/cal-mdark/mdark_J_8.0s.fits,__logs/SP_20190417/cal-mflat/mflat_J_20180507-lv1.fits,__logs/SP_20190417/cal-mmask/mmask_J.fits
_lv2/SP_20190417/j_20190417_0023_8.0_22.5_HDE283809-PROC-v-PROC-vfv_u002.fits,23,2019-04-17T10:09:40.129,HDE283809,8,J,22.5,u002,0,0,0,__logs/SP_20190417/cal-mdark/mdark_J_8.0s.fits,__logs/SP_20190417/cal-mflat/mflat_J_20180507-lv1.fits,__logs/SP_20190417/cal-mmask/mmask_J.fits
_lv2/SP_20190417/j_20190417_0024_8.0_67.5_HDE283809-PROC-v-PROC-vfv_u002.fits,24,2019-04-17T10:10:06.134,HDE283809,8,J,67.5,u002,0,0,0,__logs/SP_20190417/cal-mdark/mdark_J_8.0s.fits,__logs/SP_20190417/cal-mflat/mflat_J_20180507-lv1.fits,__logs/SP_20190417/cal-mmask/mmask_J.fits
_lv2/SP_20190417/j_20190417_0025_8.0_00.0_HDE283809-PROC-v-PROC-vfv_q003.fits,25,2019-04-17T10:10:34.118,HDE283809,8,J,0.0,q003,0,0,0,__logs/SP_20190417/cal-mdark/mdark_J_8.0s.fits,__logs/SP_20190417/cal-mflat/mflat_J_20180507-lv1.fits,__logs/SP_20190417/cal-mmask/mmask_J.fits
_lv2/SP_20190417/j_20190417_0026_8.0_45.0_HDE283809-PROC-v-PROC-vfv_q003.fits,26,2019-04-17T10:11:00.4,HDE283809,8,J,45.0,q003,0,0,0,__logs/SP_20190417/cal-mdark/mdark_J_8.0s.fits,__logs/SP_20190417/cal-mflat/mflat_J_20180507-lv1.fits,__logs/SP_20190417/cal-mmask/mmask_J.fits
_lv2/SP_20190417/j_20190417_0027_8.0_22.5_HDE283809-PROC-v-PROC-vfv_u003.fits,27,2019-04-17T10:11:25.946,HDE283809,8,J,22.5,u003,0,0,0,__logs/SP_20190417/cal-mdark/mdark_J_8.0s.fits,__logs/SP_20190417/cal-mflat/mflat_J_20180507-lv1.fits,__logs/SP_20190417/cal-mmask/mmask_J.fits
_lv2/SP_20190417/j_20190417_0028_8.0_67.5_HDE283809-PROC-v-PROC-vfv_u003.fits,28,2019-04-17T10:11:51.826,HDE283809,8,J,67.5,u003,0,0,0,__logs/SP_20190417/cal-mdark/mdark_J_8.0s.fits,__logs/SP_20190417/cal-mflat/mflat_J_20180507-lv1.fits,__logs/SP_20190417/cal-mmask/mmask_J.fits
_lv2/SP_20190417/j_20190417_0029_8.0_00.0_HDE283809_sky-PROC-v-PROC-vfv_q001.fits,29,2019-04-17T10:13:21.81,HDE283809_sky,8,J,0.0,q001,0,0,0,__logs/SP_20190417/cal-mdark/mdark_J_8.0s.fits,__logs/SP_20190417/cal-mflat/mflat_J_20180507-lv1.fits,__logs/SP_20190417/cal-mmask/mmask_J.fits
_lv2/SP_20190417/j_20190417_0030_8.0_45.0_HDE283809_sky-PROC-v-PROC-vfv_q001.fits,30,2019-04-17T10:13:41.84,HDE283809_sky,8,J,45.0,q001,0,0,0,__logs/SP_20190417/cal-mdark/mdark_J_8.0s.fits,__logs/SP_20190417/cal-mflat/mflat_J_20180507-lv1.fits,__logs/SP_20190417/cal-mmask/mmask_J.fits
_lv2/SP_20190417/j_20190417_0031_8.0_22.5_HDE283809_sky-PROC-v-PROC-vfv_u001.fits,31,2019-04-17T10:14:01.143,HDE283809_sky,8,J,22.5,u001,0,0,0,__logs/SP_20190417/cal-mdark/mdark_J_8.0s.fits,__logs/SP_20190417/cal-mflat/mflat_J_20180507-lv1.fits,__logs/SP_20190417/cal-mmask/mmask_J.fits
_lv2/SP_20190417/j_20190417_0032_8.0_67.5_HDE283809_sky-PROC-v-PROC-vfv_u001.fits,32,2019-04-17T10:14:21.153,HDE283809_sky,8,J,67.5,u001,0,0,0,__logs/SP_20190417/cal-mdark/mdark_J_8.0s.fits,__logs/SP_20190417/cal-mflat/mflat_J_20180507-lv1.fits,__logs/SP_20190417/cal-mmask/mmask_J.fits
_lv2/SP_20190417/j_20190417_0041_8.0_00.0_Elias29-PROC-v-PROC-vfv_q001.fits,41,2019-04-17T10:20:54.432,Elias29,8,J,0.0,q001,0,0,0,__logs/SP_20190417/cal-mdark/mdark_J_8.0s.fits,__logs/SP_20190417/cal-mflat/mflat_J_20180507-lv1.fits,__logs/SP_20190417/cal-mmask/mmask_J.fits
_lv2/SP_20190417/j_20190417_0042_8.0_45.0_Elias29-PROC-v-PROC-vfv_q001.fits,42,2019-04-17T10:21:20.416,Elias29,8,J,45.0,q001,0,0,0,__logs/SP_20190417/cal-mdark/mdark_J_8.0s.fits,__logs/SP_20190417/cal-mflat/mflat_J_20180507-lv1.fits,__logs/SP_20190417/cal-mmask/mmask_J.fits
_lv2/SP_20190417/j_20190417_0043_8.0_22.5_Elias29-PROC-v-PROC-vfv_u001.fits,43,2019-04-17T10:21:46.402,Elias29,8,J,22.5,u001,0,0,0,__logs/SP_20190417/cal-mdark/mdark_J_8.0s.fits,__logs/SP_20190417/cal-mflat/mflat_J_20180507-lv1.fits,__logs/SP_20190417/cal-mmask/mmask_J.fits
_lv2/SP_20190417/j_20190417_0044_8.0_67.5_Elias29-PROC-v-PROC-vfv_u001.fits,44,2019-04-17T10:22:12.274,Elias29,8,J,67.5,u001,0,0,0,__logs/SP_20190417/cal-mdark/mdark_J_8.0s.fits,__logs/SP_20190417/cal-mflat/mflat_J_20180507-lv1.fits,__logs/SP_20190417/cal-mmask/mmask_J.fits
_lv2/SP_20190417/j_20190417_0045_8.0_00.0_Elias29-PROC-v-PROC-vfv_q002.fits,45,2019-04-17T10:22:45.180,Elias29,8,J,0.0,q002,0,0,0,__logs/SP_20190417/cal-mdark/mdark_J_8.0s.fits,__logs/SP_20190417/cal-mflat/mflat_J_20180507-lv1.fits,__logs/SP_20190417/cal-mmask/mmask_J.fits
_lv2/SP_20190417/j_20190417_0046_8.0_45.0_Elias29-PROC-v-PROC-vfv_q002.fits,46,2019-04-17T10:23:10.963,Elias29,8,J,45.0,q002,0,0,0,__logs/SP_20190417/cal-mdark/mdark_J_8.0s.fits,__logs/SP_20190417/cal-mflat/mflat_J_20180507-lv1.fits,__logs/SP_20190417/cal-mmask/mmask_J.fits
_lv2/SP_20190417/j_20190417_0047_8.0_22.5_Elias29-PROC-v-PROC-vfv_u002.fits,47,2019-04-17T10:23:38.970,Elias29,8,J,22.5,u002,0,0,0,__logs/SP_20190417/cal-mdark/mdark_J_8.0s.fits,__logs/SP_20190417/cal-mflat/mflat_J_20180507-lv1.fits,__logs/SP_20190417/cal-mmask/mmask_J.fits
_lv2/SP_20190417/j_20190417_0048_8.0_67.5_Elias29-PROC-v-PROC-vfv_u002.fits,48,2019-04-17T10:24:06.182,Elias29,8,J,67.5,u002,0,0,0,__logs/SP_20190417/cal-mdark/mdark_J_8.0s.fits,__logs/SP_20190417/cal-mflat/mflat_J_20180507-lv1.fits,__logs/SP_20190417/cal-mmask/mmask_J.fits
_lv2/SP_20190417/j_20190417_0049_8.0_00.0_Elias29-PROC-v-PROC-vfv_q003.fits,49,2019-04-17T10:24:34.215,Elias29,8,J,0.0,q003,0,0,0,__logs/SP_20190417/cal-mdark/mdark_J_8.0s.fits,__logs/SP_20190417/cal-mflat/mflat_J_20180507-lv1.fits,__logs/SP_20190417/cal-mmask/mmask_J.fits
_lv2/SP_20190417/j_20190417_0050_8.0_45.0_Elias29-PROC-v-PROC-vfv_q003.fits,50,2019-04-17T10:25:00.248,Elias29,8,J,45.0,q003,0,0,0,__logs/SP_20190417/cal-mdark/mdark_J_8.0s.fits,__logs/SP_20190417/cal-mflat/mflat_J_20180507-lv1.fits,__logs/SP_20190417/cal-mmask/mmask_J.fits
_lv2/SP_20190417/j_20190417_0051_8.0_22.5_Elias29-PROC-v-PROC-vfv_u003.fits,51,2019-04-17T10:25:26.200,Elias29,8,J,22.5,u003,0,0,0,__logs/SP_20190417/cal-mdark/mdark_J_8.0s.fits,__logs/SP_20190417/cal-mflat/mflat_J_20180507-lv1.fits,__logs/SP_20190417/cal-mmask/mmask_J.fits
_lv2/SP_20190417/j_20190417_0052_8.0_67.5_Elias29-PROC-v-PROC-vfv_u003.fits,52,2019-04-17T10:25:52.71,Elias29,8,J,67.5,u003,0,0,0,__logs/SP_20190417/cal-mdark/mdark_J_8.0s.fits,__logs/SP_20190417/cal-mflat/mflat_J_20180507-lv1.fits,__logs/SP_20190417/cal-mmask/mmask_J.fits
_lv2/SP_20190417/j_20190417_0053_8.0_00.0_Elias29_sky-PROC-v-PROC-vfv_q001.fits,53,2019-04-17T10:26:50.420,Elias29_sky,8,J,0.0,q001,0,0,0,__logs/SP_20190417/cal-mdark/mdark_J_8.0s.fits,__logs/SP_20190417/cal-mflat/mflat_J_20180507-lv1.fits,__logs/SP_20190417/cal-mmask/mmask_J.fits
_lv2/SP_20190417/j_20190417_0054_8.0_45.0_Elias29_sky-PROC-v-PROC-vfv_q001.fits,54,2019-04-17T10:27:10.413,Elias29_sky,8,J,45.0,q001,0,0,0,__logs/SP_20190417/cal-mdark/mdark_J_8.0s.fits,__logs/SP_20190417/cal-mflat/mflat_J_20180507-lv1.fits,__logs/SP_20190417/cal-mmask/mmask_J.fits
_lv2/SP_20190417/j_20190417_0055_8.0_22.5_Elias29_sky-PROC-v-PROC-vfv_u001.fits,55,2019-04-17T10:27:30.470,Elias29_sky,8,J,22.5,u001,0,0,0,__logs/SP_20190417/cal-mdark/mdark_J_8.0s.fits,__logs/SP_20190417/cal-mflat/mflat_J_20180507-lv1.fits,__logs/SP_20190417/cal-mmask/mmask_J.fits
_lv2/SP_20190417/j_20190417_0056_8.0_67.5_Elias29_sky-PROC-v-PROC-vfv_u001.fits,56,2019-04-17T10:27:50.411,Elias29_sky,8,J,67.5,u001,0,0,0,__logs/SP_20190417/cal-mdark/mdark_J_8.0s.fits,__logs/SP_20190417/cal-mflat/mflat_J_20180507-lv1.fits,__logs/SP_20190417/cal-mmask/mmask_J.fits
_lv2/SP_20190417/h_20190417_0027_8.0_22.5_HDE283809-PROC-v-PROC-vfv_u003.fits,27,2019-04-17T10:11:25.946,HDE283809,8,H,22.5,u003,2,0,0,__logs/SP_20190417/cal-mdark/mdark_H_8.0s.fits,__logs/SP_20190417/cal-mflat/mflat_H_20180507-lv1.fits,__logs/SP_20190417/cal-mmask/mmask_H.fits
_lv2/SP_20190417/h_20190417_0029_8.0_00.0_HDE283809_sky-PROC-v-PROC-vfv_q001.fits,29,2019-04-17T10:13:21.81,HDE283809_sky,8,H,0.0,q001,0,0,0,__logs/SP_20190417/cal-mdark/mdark_H_8.0s.fits,__logs/SP_20190417/cal-mflat/mflat_H_20180507-lv1.fits,__logs/SP_20190417/cal-mmask/mmask_H.fits
_lv2/SP_20190417/h_20190417_0030_8.0_45.0_HDE283809_sky-PROC-v-PROC-vfv_q001.fits,30,2019-04-17T10:13:41.84,HDE283809_sky,8,H,45.0,q001,0,0,0,__logs/SP_20190417/cal-mdark/mdark_H_8.0s.fits,__logs/SP_20190417/cal-mflat/mflat_H_20180507-lv1.fits,__logs/SP_20190417/cal-mmask/mmask_H.fits
_lv2/SP_20190417/h_20190417_0031_8.0_22.5_HDE283809_sky-PROC-v-PROC-vfv_u001.fits,31,2019-04-17T10:14:01.143,HDE283809_sky,8,H,22.5,u001,0,0,0,__logs/SP_20190417/cal-mdark/mdark_H_8.0s.fits,__logs/SP_20190417/cal-mflat/mflat_H_20180507-lv1.fits,__logs/SP_20190417/cal-mmask/mmask_H.fits
_lv2/SP_20190417/h_20190417_0032_8.0_67.5_HDE283809_sky-PROC-v-PROC-vfv_u001.fits,32,2019-04-17T10:14:21.153,HDE283809_sky,8,H,67.5,u001,0,0,0,__logs/SP_20190417/cal-mdark/mdark_H_8.0s.fits,__logs/SP_20190417/cal-mflat/mflat_H_20180507-lv1.fits,__logs/SP_20190417/cal-mmask/mmask_H.fits
_lv2/SP_20190417/h_20190417_0041_8.0_00.0_Elias29-PROC-v-PROC-vfv_q001.fits,41,2019-04-17T10:20:54.432,Elias29,8,H,0.0,q001,0,0,0,__logs/SP_20190417/cal-mdark/mdark_H_8.0s.fits,__logs/SP_20190417/cal-mflat/mflat_H_20180507-lv1.fits,__logs/SP_20190417/cal-mmask/mmask_H.fits
_lv2/SP_20190417/h_20190417_0042_8.0_45.0_Elias29-PROC-v-PROC-vfv_q001.fits,42,2019-04-17T10:21:20.416,Elias29,8,H,45.0,q001,0,0,0,__logs/SP_20190417/cal-mdark/mdark_H_8.0s.fits,__logs/SP_20190417/cal-mflat/mflat_H_20180507-lv1.fits,__logs/SP_20190417/cal-mmask/mmask_H.fits
_lv2/SP_20190417/h_20190417_0043_8.0_22.5_Elias29-PROC-v-PROC-vfv_u001.fits,43,2019-04-17T10:21:46.402,Elias29,8,H,22.5,u001,0,0,0,__logs/SP_20190417/cal-mdark/mdark_H_8.0s.fits,__logs/SP_20190417/cal-mflat/mflat_H_20180507-lv1.fits,__logs/SP_20190417/cal-mmask/mmask_H.fits
_lv2/SP_20190417/h_20190417_0044_8.0_67.5_Elias29-PROC-v-PROC-vfv_u001.fits,44,2019-04-17T10:22:12.274,Elias29,8,H,67.5,u001,0,0,0,__logs/SP_20190417/cal-mdark/mdark_H_8.0s.fits,__logs/SP_20190417/cal-mflat/mflat_H_20180507-lv1.fits,__logs/SP_20190417/cal-mmask/mmask_H.fits
_lv2/SP_20190417/h_20190417_0045_8.0_00.0_Elias29-PROC-v-PROC-vfv_q002.fits,45,2019-04-17T10:22:45.180,Elias29,8,H,0.0,q002,0,0,0,__logs/SP_20190417/cal-mdark/mdark_H_8.0s.fits,__logs/SP_20190417/cal-mflat/mflat_H_20180507-lv1.fits,__logs/SP_20190417/cal-mmask/mmask_H.fits
_lv2/SP_20190417/h_20190417_0046_8.0_45.0_Elias29-PROC-v-PROC-vfv_q002.fits,46,2019-04-17T10:23:10.963,Elias29,8,H,45.0,q002,0,0,0,__logs/SP_20190417/cal-mdark/mdark_H_8.0s.fits,__logs/SP_20190417/cal-mflat/mflat_H_20180507-lv1.fits,__logs/SP_20190417/cal-mmask/mmask_H.fits
_lv2/SP_20190417/h_20190417_0047_8.0_22.5_Elias29-PROC-v-PROC-vfv_u002.fits,47,2019-04-17T10:23:38.970,Elias29,8,H,22.5,u002,0,0,0,__logs/SP_20190417/cal-mdark/mdark_H_8.0s.fits,__logs/SP_20190417/cal-mflat/mflat_H_20180507-lv1.fits,__logs/SP_20190417/cal-mmask/mmask_H.fits
_lv2/SP_20190417/h_20190417_0048_8.0_67.5_Elias29-PROC-v-PROC-vfv_u002.fits,48,2019-04-17T10:24:06.182,Elias29,8,H,67.5,u002,0,0,0,__logs/SP_20190417/cal-mdark/mdark_H_8.0s.fits,__logs/SP_20190417/cal-mflat/mflat_H_20180507-lv1.fits,__logs/SP_20190417/cal-mmask/mmask_H.fits
_lv2/SP_20190417/h_20190417_0049_8.0_00.0_Elias29-PROC-v-PROC-vfv_q003.fits,49,2019-04-17T10:24:34.215,Elias29,8,H,0.0,q003,0,0,0,__logs/SP_20190417/cal-mdark/mdark_H_8.0s.fits,__logs/SP_20190417/cal-mflat/mflat_H_20180507-lv1.fits,__logs/SP_20190417/cal-mmask/mmask_H.fits
_lv2/SP_20190417/h_20190417_0050_8.0_45.0_Elias29-PROC-v-PROC-vfv_q003.fits,50,2019-04-17T10:25:00.248,Elias29,8,H,45.0,q003,0,0,0,__logs/SP_20190417/cal-mdark/mdark_H_8.0s.fits,__logs/SP_20190417/cal-mflat/mflat_H_20180507-lv1.fits,__logs/SP_20190417/cal-mmask/mmask_H.fits
_lv2/SP_20190417/h_20190417_0051_8.0_22.5_Elias29-PROC-v-PROC-vfv_u003.fits,51,2019-04-17T10:25:26.200,Elias29,8,H,22.5,u003,0,0,0,__logs/SP_20190417/cal-mdark/mdark_H_8.0s.fits,__logs/SP_20190417/cal-mflat/mflat_H_20180507-lv1.fits,__logs/SP_20190417/cal-mmask/mmask_H.fits
_lv2/SP_20190417/h_20190417_0052_8.0_67.5_Elias29-PROC-v-PROC-vfv_u003.fits,52,2019-04-17T10:25:52.71,Elias29,8,H,67.5,u003,0,0,0,__logs/SP_20190417/cal-mdark/mdark_H_8.0s.fits,__logs/SP_20190417/cal-mflat/mflat_H_20180507-lv1.fits,__logs/SP_20190417/cal-mmask/mmask_H.fits
_lv2/SP_20190417/h_20190417_0053_8.0_00.0_Elias29_sky-PROC-v-PROC-vfv_q001.fits,53,2019-04-17T10:26:50.420,Elias29_sky,8,H,0.0,q001,0,0,0,__logs/SP_20190417/cal-mdark/mdark_H_8.0s.fits,__logs/SP_20190417/cal-mflat/mflat_H_20180507-lv1.fits,__logs/SP_20190417/cal-mmask/mmask_H.fits
_lv2/SP_20190417/h_20190417_0054_8.0_45.0_Elias29_sky-PROC-v-PROC-vfv_q001.fits,54,2019-04-17T10:27:10.413,Elias29_sky,8,H,45.0,q001,0,0,0,__logs/SP_20190417/cal-mdark/mdark_H_8.0s.fits,__logs/SP_20190417/cal-mflat/mflat_H_20180507-lv1.fits,__logs/SP_20190417/cal-mmask/mmask_H.fits
_lv2/SP_20190417/h_20190417_0055_8.0_22.5_Elias29_sky-PROC-v-PROC-vfv_u001.fits,55,2019-04-17T10:27:30.470,Elias29_sky,8,H,22.5,u001,0,0,0,__logs/SP_20190417/cal-mdark/mdark_H_8.0s.fits,__logs/SP_20190417/cal-mflat/mflat_H_20180507-lv1.fits,__logs/SP_20190417/cal-mmask/mmask_H.fits
_lv2/SP_20190417/h_20190417_0056_8.0_67.5_Elias29_sky-PROC-v-PROC-vfv_u001.fits,56,2019-04-17T10:27:50.411,Elias29_sky,8,H,67.5,u001,0,0,0,__logs/SP_20190417/cal-mdark/mdark_H_8.0s.fits,__logs/SP_20190417/cal-mflat/mflat_H_20180507-lv1.fits,__logs/SP_20190417/cal-mmask/mmask_H.fits
_lv2/SP_20190417/k_20190417_0017_8.0_00.0_HDE283809-PROC-v-PROC-vfv_q001.fits,17,2019-04-17T10:06:31.288,HDE283809,8,K,0.0,q001,0,0,0,__logs/SP_20190417/cal-mdark/mdark_K_8.0s.fits,__logs/SP_20190417/cal-mflat/mflat_K_20180507-lv1.fits,__logs/SP_20190417/cal-mmask/mmask_K.fits
_lv2/SP_20190417/k_20190417_0018_8.0_45.0_HDE283809-PROC-v-PROC-vfv_q001.fits,18,2019-04-17T10:06:57.254,HDE283809,8,K,45.0,q001,0,0,0,__logs/SP_20190417/cal-mdark/mdark_K_8.0s.fits,__logs/SP_20190417/cal-mflat/mflat_K_20180507-lv1.fits,__logs/SP_20190417/cal-mmask/mmask_K.fits
_lv2/SP_20190417/k_20190417_0019_8.0_22.5_HDE283809-PROC-v-PROC-vfv_u001.fits,19,2019-04-17T10:07:23.379,HDE283809,8,K,22.5,u001,0,0,0,__logs/SP_20190417/cal-mdark/mdark_K_8.0s.fits,__logs/SP_20190417/cal-mflat/mflat_K_20180507-lv1.fits,__logs/SP_20190417/cal-mmask/mmask_K.fits
_lv2/SP_20190417/k_20190417_0020_8.0_67.5_HDE283809-PROC-v-PROC-vfv_u001.fits,20,2019-04-17T10:07:49.385,HDE283809,8,K,67.5,u001,0,0,0,__logs/SP_20190417/cal-mdark/mdark_K_8.0s.fits,__logs/SP_20190417/cal-mflat/mflat_K_20180507-lv1.fits,__logs/SP_20190417/cal-mmask/mmask_K.fits
_lv2/SP_20190417/k_20190417_0021_8.0_00.0_HDE283809-PROC-v-PROC-vfv_q002.fits,21,2019-04-17T10:08:46.795,HDE283809,8,K,0.0,q002,0,0,0,__logs/SP_20190417/cal-mdark/mdark_K_8.0s.fits,__logs/SP_20190417/cal-mflat/mflat_K_20180507-lv1.fits,__logs/SP_20190417/cal-mmask/mmask_K.fits
_lv2/SP_20190417/k_20190417_0022_8.0_45.0_HDE283809-PROC-v-PROC-vfv_q002.fits,22,2019-04-17T10:09:14.295,HDE283809,8,K,45.0,q002,0,0,0,__logs/SP_20190417/cal-mdark/mdark_K_8.0s.fits,__logs/SP_20190417/cal-mflat/mflat_K_20180507-lv1.fits,__logs/SP_20190417/cal-mmask/mmask_K.fits
_lv2/SP_20190417/k_20190417_0023_8.0_22.5_HDE283809-PROC-v-PROC-vfv_u002.fits,23,2019-04-17T10:09:40.129,HDE283809,8,K,22.5,u002,0,0,0,__logs/SP_20190417/cal-mdark/mdark_K_8.0s.fits,__logs/SP_20190417/cal-mflat/mflat_K_20180507-lv1.fits,__logs/SP_20190417/cal-mmask/mmask_K.fits
_lv2/SP_20190417/k_20190417_0024_8.0_67.5_HDE283809-PROC-v-PROC-vfv_u002.fits,24,2019-04-17T10:10:06.134,HDE283809,8,K,67.5,u002,0,0,0,__logs/SP_20190417/cal-mdark/mdark_K_8.0s.fits,__logs/SP_20190417/cal-mflat/mflat_K_20180507-lv1.fits,__logs/SP_20190417/cal-mmask/mmask_K.fits
_lv2/SP_20190417/k_20190417_0025_8.0_00.0_HDE283809-PROC-v-PROC-vfv_q003.fits,25,2019-04-17T10:10:34.118,HDE283809,8,K,0.0,q003,0,0,0,__logs/SP_20190417/cal-mdark/mdark_K_8.0s.fits,__logs/SP_20190417/cal-mflat/mflat_K_20180507-lv1.fits,__logs/SP_20190417/cal-mmask/mmask_K.fits
_lv2/SP_20190417/k_20190417_0026_8.0_45.0_HDE283809-PROC-v-PROC-vfv_q003.fits,26,2019-04-17T10:11:00.4,HDE283809,8,K,45.0,q003,0,0,0,__logs/SP_20190417/cal-mdark/mdark_K_8.0s.fits,__logs/SP_20190417/cal-mflat/mflat_K_20180507-lv1.fits,__logs/SP_20190417/cal-mmask/mmask_K.fits
_lv2/SP_20190417/k_20190417_0027_8.0_22.5_HDE283809-PROC-v-PROC-vfv_u003.fits,27,2019-04-17T10:11:25.946,HDE283809,8,K,22.5,u003,0,0,0,__logs/SP_20190417/cal-mdark/mdark_K_8.0s.fits,__logs/SP_20190417/cal-mflat/mflat_K_20180507-lv1.fits,__logs/SP_20190417/cal-mmask/mmask_K.fits
_lv2/SP_20190417/k_20190417_0028_8.0_67.5_HDE283809-PROC-v-PROC-vfv_u003.fits,28,2019-04-17T10:11:51.826,HDE283809,8,K,67.5,u003,0,0,0,__logs/SP_20190417/cal-mdark/mdark_K_8.0s.fits,__logs/SP_20190417/cal-mflat/mflat_K_20180507-lv1.fits,__logs/SP_20190417/cal-mmask/mmask_K.fits
_lv2/SP_20190417/k_20190417_0029_8.0_00.0_HDE283809_sky-PROC-v-PROC-vfv_q001.fits,29,2019-04-17T10:13:21.81,HDE283809_sky,8,K,0.0,q001,0,0,0,__logs/SP_20190417/cal-mdark/mdark_K_8.0s.fits,__logs/SP_20190417/cal-mflat/mflat_K_20180507-lv1.fits,__logs/SP_20190417/cal-mmask/mmask_K.fits
_lv2/SP_20190417/k_20190417_0030_8.0_45.0_HDE283809_sky-PROC-v-PROC-vfv_q001.fits,30,2019-04-17T10:13:41.84,HDE283809_sky,8,K,45.0,q001,0,0,0,__logs/SP_20190417/cal-mdark/mdark_K_8.0s.fits,__logs/SP_20190417/cal-mflat/mflat_K_20180507-lv1.fits,__logs/SP_20190417/cal-mmask/mmask_K.fits
_lv2/SP_20190417/k_20190417_0031_8.0_22.5_HDE283809_sky-PROC-v-PROC-vfv_u001.fits,31,2019-04-17T10:14:01.143,HDE283809_sky,8,K,22.5,u001,0,0,0,__logs/SP_20190417/cal-mdark/mdark_K_8.0s.fits,__logs/SP_20190417/cal-mflat/mflat_K_20180507-lv1.fits,__logs/SP_20190417/cal-mmask/mmask_K.fits
_lv2/SP_20190417/k_20190417_0032_8.0_67.5_HDE283809_sky-PROC-v-PROC-vfv_u001.fits,32,2019-04-17T10:14:21.153,HDE283809_sky,8,K,67.5,u001,0,0,0,__logs/SP_20190417/cal-mdark/mdark_K_8.0s.fits,__logs/SP_20190417/cal-mflat/mflat_K_20180507-lv1.fits,__logs/SP_20190417/cal-mmask/mmask_K.fits
_lv2/SP_20190417/k_20190417_0041_8.0_00.0_Elias29-PROC-v-PROC-vfv_q001.fits,41,2019-04-17T10:20:54.432,Elias29,8,K,0.0,q001,0,0,0,__logs/SP_20190417/cal-mdark/mdark_K_8.0s.fits,__logs/SP_20190417/cal-mflat/mflat_K_20180507-lv1.fits,__logs/SP_20190417/cal-mmask/mmask_K.fits
_lv2/SP_20190417/k_20190417_0042_8.0_45.0_Elias29-PROC-v-PROC-vfv_q001.fits,42,2019-04-17T10:21:20.416,Elias29,8,K,45.0,q001,0,0,0,__logs/SP_20190417/cal-mdark/mdark_K_8.0s.fits,__logs/SP_20190417/cal-mflat/mflat_K_20180507-lv1.fits,__logs/SP_20190417/cal-mmask/mmask_K.fits
_lv2/SP_20190417/k_20190417_0043_8.0_22.5_Elias29-PROC-v-PROC-vfv_u001.fits,43,2019-04-17T10:21:46.402,Elias29,8,K,22.5,u001,0,0,0,__logs/SP_20190417/cal-mdark/mdark_K_8.0s.fits,__logs/SP_20190417/cal-mflat/mflat_K_20180507-lv1.fits,__logs/SP_20190417/cal-mmask/mmask_K.fits
_lv2/SP_20190417/k_20190417_0044_8.0_67.5_Elias29-PROC-v-PROC-vfv_u001.fits,44,2019-04-17T10:22:12.274,Elias29,8,K,67.5,u001,0,0,0,__logs/SP_20190417/cal-mdark/mdark_K_8.0s.fits,__logs/SP_20190417/cal-mflat/mflat_K_20180507-lv1.fits,__logs/SP_20190417/cal-mmask/mmask_K.fits
_lv2/SP_20190417/k_20190417_0045_8.0_00.0_Elias29-PROC-v-PROC-vfv_q002.fits,45,2019-04-17T10:22:45.180,Elias29,8,K,0.0,q002,0,0,0,__logs/SP_20190417/cal-mdark/mdark_K_8.0s.fits,__logs/SP_20190417/cal-mflat/mflat_K_20180507-lv1.fits,__logs/SP_20190417/cal-mmask/mmask_K.fits
_lv2/SP_20190417/k_20190417_0046_8.0_45.0_Elias29-PROC-v-PROC-vfv_q002.fits,46,2019-04-17T10:23:10.963,Elias29,8,K,45.0,q002,0,0,0,__logs/SP_20190417/cal-mdark/mdark_K_8.0s.fits,__logs/SP_20190417/cal-mflat/mflat_K_20180507-lv1.fits,__logs/SP_20190417/cal-mmask/mmask_K.fits
_lv2/SP_20190417/k_20190417_0047_8.0_22.5_Elias29-PROC-v-PROC-vfv_u002.fits,47,2019-04-17T10:23:38.970,Elias29,8,K,22.5,u002,0,0,0,__logs/SP_20190417/cal-mdark/mdark_K_8.0s.fits,__logs/SP_20190417/cal-mflat/mflat_K_20180507-lv1.fits,__logs/SP_20190417/cal-mmask/mmask_K.fits
_lv2/SP_20190417/k_20190417_0048_8.0_67.5_Elias29-PROC-v-PROC-vfv_u002.fits,48,2019-04-17T10:24:06.182,Elias29,8,K,67.5,u002,0,0,0,__logs/SP_20190417/cal-mdark/mdark_K_8.0s.fits,__logs/SP_20190417/cal-mflat/mflat_K_20180507-lv1.fits,__logs/SP_20190417/cal-mmask/mmask_K.fits
_lv2/SP_20190417/k_20190417_0049_8.0_00.0_Elias29-PROC-v-PROC-vfv_q003.fits,49,2019-04-17T10:24:34.215,Elias29,8,K,0.0,q003,0,0,0,__logs/SP_20190417/cal-mdark/mdark_K_8.0s.fits,__logs/SP_20190417/cal-mflat/mflat_K_20180507-lv1.fits,__logs/SP_20190417/cal-mmask/mmask_K.fits
_lv2/SP_20190417/k_20190417_0050_8.0_45.0_Elias29-PROC-v-PROC-vfv_q003.fits,50,2019-04-17T10:25:00.248,Elias29,8,K,45.0,q003,0,0,0,__logs/SP_20190417/cal-mdark/mdark_K_8.0s.fits,__logs/SP_20190417/cal-mflat/mflat_K_20180507-lv1.fits,__logs/SP_20190417/cal-mmask/mmask_K.fits
_lv2/SP_20190417/k_20190417_0051_8.0_22.5_Elias29-PROC-v-PROC-vfv_u003.fits,51,2019-04-17T10:25:26.200,Elias29,8,K,22.5,u003,0,0,0,__logs/SP_20190417/cal-mdark/mdark_K_8.0s.fits,__logs/SP_20190417/cal-mflat/mflat_K_20180507-lv1.fits,__logs/SP_20190417/cal-mmask/mmask_K.fits
_lv2/SP_20190417/k_20190417_0052_8.0_67.5_Elias29-PROC-v-PROC-vfv_u003.fits,52,2019-04-17T10:25:52.71,Elias29,8,K,67.5,u003,0,0,0,__logs/SP_20190417/cal-mdark/mdark_K_8.0s.fits,__logs/SP_20190417/cal-mflat/mflat_K_20180507-lv1.fits,__logs/SP_20190417/cal-mmask/mmask_K.fits
_lv2/SP_20190417/k_20190417_0053_8.0_00.0_Elias29_sky-PROC-v-PROC-vfv_q001.fits,53,2019-04-17T10:26:50.420,Elias29_sky,8,K,0.0,q001,0,0,0,__logs/SP_20190417/cal-mdark/mdark_K_8.0s.fits,__logs/SP_20190417/cal-mflat/mflat_K_20180507-lv1.fits,__logs/SP_20190417/cal-mmask/mmask_K.fits
_lv2/SP_20190417/k_20190417_0054_8.0_45.0_Elias29_sky-PROC-v-PROC-vfv_q001.fits,54,2019-04-17T10:27:10.413,Elias29_sky,8,K,45.0,q001,0,0,0,__logs/SP_20190417/cal-mdark/mdark_K_8.0s.fits,__logs/SP_20190417/cal-mflat/mflat_K_20180507-lv1.fits,__logs/SP_20190417/cal-mmask/mmask_K.fits
_lv2/SP_20190417/k_20190417_0055_8.0_22.5_Elias29_sky-PROC-v-PROC-vfv_u001.fits,55,2019-04-17T10:27:30.470,Elias29_sky,8,K,22.5,u001,0,0,0,__logs/SP_20190417/cal-mdark/mdark_K_8.0s.fits,__logs/SP_20190417/cal-mflat/mflat_K_20180507-lv1.fits,__logs/SP_20190417/cal-mmask/mmask_K.fits
_lv2/SP_20190417/k_20190417_0056_8.0_67.5_Elias29_sky-PROC-v-PROC-vfv_u001.fits,56,2019-04-17T10:27:50.411,Elias29_sky,8,K,67.5,u001,0,0,0,__logs/SP_20190417/cal-mdark/mdark_K_8.0s.fits,__logs/SP_20190417/cal-mflat/mflat_K_20180507-lv1.fits,__logs/SP_20190417/cal-mmask/mmask_K.fits
