file,COUNTER,DATE-OBS,OBJECT,EXPTIME,FILTER,POL-AGL1,SETID,OERAY,REMOVEIT,do_crrej,gain,rdnoise,sepmed,sigclip,sigfrac,objlim,satlevel,niter,cleantype,fs
_lv3/SP_20190417/j_20190417_0017_8.0_00.0_HDE283809-PROC-vfvDFTP_q001_o.fits,17,2019-04-17T10:06:31.288,HDE283809,8,J,0.0,q001,o,0,True,9.9,37,False,4.5,5.0,1,30000,4,medmask,median
_lv3/SP_20190417/j_20190417_0018_8.0_45.0_HDE283809-PROC-vfvDFTP_q001_o.fits,18,2019-04-17T10:06:57.254,HDE283809,8,J,45.0,q001,o,0,True,9.9,37,False,4.5,5.0,1,30000,4,medmask,median
_lv3/SP_20190417/j_20190417_0019_8.0_22.5_HDE283809-PROC-vfvDFTP_u001_o.fits,19,2019-04-17T10:07:23.379,HDE283809,8,J,22.5,u001,o,0,True,9.9,37,False,4.5,5.0,1,30000,4,medmask,median
_lv3/SP_20190417/j_20190417_0020_8.0_67.5_HDE283809-PROC-vfvDFTP_u001_o.fits,20,2019-04-17T10:07:49.385,HDE283809,8,J,67.5,u001,o,0,True,9.9,37,False,4.5,5.0,1,30000,4,medmask,median
_lv3/SP_20190417/j_20190417_0021_8.0_00.0_HDE283809-PROC-vfvDFTP_q002_o.fits,21,2019-04-17T10:08:46.795,HDE283809,8,J,0.0,q002,o,0,True,9.9,37,False,4.5,5.0,1,30000,4,medmask,median
_lv3/SP_20190417/j_20190417_0022_8.0_45.0_HDE283809-PROC-vfvDFTP_q002_o.fits,22,2019-04-17T10:09:14.295,HDE283809,8,J,45.0,q002,o,0,True,9.9,37,False,4.5,5.0,1,30000,4,medmask,median
_lv3/SP_20190417/j_20190417_0023_8.0_22.5_HDE283809-PROC-vfvDFTP_u002_o.fits,23,2019-04-17T10:09:40.129,HDE283809,8,J,22.5,u002,o,0,True,9.9,37,False,4.5,5.0,1,30000,4,medmask,median
_lv3/SP_20190417/j_20190417_0024_8.0_67.5_HDE283809-PROC-vfvDFTP_u002_o.fits,24,2019-04-17T10:10:06.134,HDE283809,8,J,67.5,u002,o,0,True,9.9,37,False,4.5,5.0,1,30000,4,medmask,median
_lv3/SP_20190417/j_20190417_0025_8.0_00.0_HDE283809-PROC-vfvDFTP_q003_o.fits,25,2019-04-17T10:10:34.118,HDE283809,8,J,0.0,q003,o,0,True,9.9,37,False,4.5,5.0,1,30000,4,medmask,median
_lv3/SP_20190417/j_20190417_0026_8.0_45.0_HDE283809-PROC-vfvDFTP_q003_o.fits,26,2019-04-17T10:11:00.4,HDE283809,8,J,45.0,q003,o,0,True,9.9,37,False,4.5,5.0,1,30000,4,medmask,median
_lv3/SP_20190417/j_20190417_0027_8.0_22.5_HDE283809-PROC-vfvDFTP_u003_o.fits,27,2019-04-17T10:11:25.946,HDE283809,8,J,22.5,u003,o,0,True,9.9,37,False,4.5,5.0,1,30000,4,medmask,median
_lv3/SP_20190417/j_20190417_0028_8.0_67.5_HDE283809-PROC-vfvDFTP_u003_o.fits,28,2019-04-17T10:11:51.826,HDE283809,8,J,67.5,u003,o,0,True,9.9,37,False,4.5,5.0,1,30000,4,medmask,median
_lv3/SP_20190417/j_20190417_0041_8.0_00.0_Elias29-PROC-vfvDFTP_q001_o.fits,41,2019-04-17T10:20:54.432,Elias29,8,J,0.0,q001,o,0,True,9.9,37,False,4.5,5.0,1,30000,4,medmask,median
_lv3/SP_20190417/j_20190417_0042_8.0_45.0_Elias29-PROC-vfvDFTP_q001_o.fits,42,2019-04-17T10:21:20.416,Elias29,8,J,45.0,q001,o,0,True,9.9,37,False,4.5,5.0,1,30000,4,medmask,median
_lv3/SP_20190417/j_20190417_0043_8.0_22.5_Elias29-PROC-vfvDFTP_u001_o.fits,43,2019-04-17T10:21:46.402,Elias29,8,J,22.5,u001,o,0,True,9.9,37,False,4.5,5.0,1,30000,4,medmask,median
_lv3/SP_20190417/j_20190417_0044_8.0_67.5_Elias29-PROC-vfvDFTP_u001_o.fits,44,2019-04-17T10:22:12.274,Elias29,8,J,67.5,u001,o,0,True,9.9,37,False,4.5,5.0,1,30000,4,medmask,median
_lv3/SP_20190417/j_20190417_0045_8.0_00.0_Elias29-PROC-vfvDFTP_q002_o.fits,45,2019-04-17T10:22:45.180,Elias29,8,J,0.0,q002,o,0,True,9.9,37,False,4.5,5.0,1,30000,4,medmask,median
_lv3/SP_20190417/j_20190417_0046_8.0_45.0_Elias29-PROC-vfvDFTP_q002_o.fits,46,2019-04-17T10:23:10.963,Elias29,8,J,45.0,q002,o,0,True,9.9,37,False,4.5,5.0,1,30000,4,medmask,median
_lv3/SP_20190417/j_20190417_0047_8.0_22.5_Elias29-PROC-vfvDFTP_u002_o.fits,47,2019-04-17T10:23:38.970,Elias29,8,J,22.5,u002,o,0,True,9.9,37,False,4.5,5.0,1,30000,4,medmask,median
_lv3/SP_20190417/j_20190417_0048_8.0_67.5_Elias29-PROC-vfvDFTP_u002_o.fits,48,2019-04-17T10:24:06.182,Elias29,8,J,67.5,u002,o,0,True,9.9,37,False,4.5,5.0,1,30000,4,medmask,median
_lv3/SP_20190417/j_20190417_0049_8.0_00.0_Elias29-PROC-vfvDFTP_q003_o.fits,49,2019-04-17T10:24:34.215,Elias29,8,J,0.0,q003,o,0,True,9.9,37,False,4.5,5.0,1,30000,4,medmask,median
_lv3/SP_20190417/j_20190417_0050_8.0_45.0_Elias29-PROC-vfvDFTP_q003_o.fits,50,2019-04-17T10:25:00.248,Elias29,8,J,45.0,q003,o,0,True,9.9,37,False,4.5,5.0,1,30000,4,medmask,median
_lv3/SP_20190417/j_20190417_0051_8.0_22.5_Elias29-PROC-vfvDFTP_u003_o.fits,51,2019-04-17T10:25:26.200,Elias29,8,J,22.5,u003,o,0,True,9.9,37,False,4.5,5.0,1,30000,4,medmask,median
_lv3/SP_20190417/j_20190417_0052_8.0_67.5_Elias29-PROC-vfvDFTP_u003_o.fits,52,2019-04-17T10:25:52.71,Elias29,8,J,67.5,u003,o,0,True,9.9,37,False,4.5,5.0,1,30000,4,medmask,median
_lv3/SP_20190417/j_20190417_0017_8.0_00.0_HDE283809-PROC-vfvDFTP_q001_e.fits,17,2019-04-17T10:06:31.288,HDE283809,8,J,0.0,q001,e,0,True,9.9,37,False,4.5,5.0,1,30000,4,medmask,median
_lv3/SP_20190417/j_20190417_0018_8.0_45.0_HDE283809-PROC-vfvDFTP_q001_e.fits,18,2019-04-17T10:06:57.254,HDE283809,8,J,45.0,q001,e,0,True,9.9,37,False,4.5,5.0,1,30000,4,medmask,median
_lv3/SP_20190417/j_20190417_0019_8.0_22.5_HDE283809-PROC-vfvDFTP_u001_e.fits,19,2019-04-17T10:07:23.379,HDE283809,8,J,22.5,u001,e,0,True,9.9,37,False,4.5,5.0,1,30000,4,medmask,median
_lv3/SP_20190417/j_20190417_0020_8.0_67.5_HDE283809-PROC-vfvDFTP_u001_e.fits,20,2019-04-17T10:07:49.385,HDE283809,8,J,67.5,u001,e,0,True,9.9,37,False,4.5,5.0,1,30000,4,medmask,median
_lv3/SP_20190417/j_20190417_0021_8.0_00.0_HDE283809-PROC-vfvDFTP_q002_e.fits,21,2019-04-17T10:08:46.795,HDE283809,8,J,0.0,q002,e,0,True,9.9,37,False,4.5,5.0,1,30000,4,medmask,median
_lv3/SP_20190417/j_20190417_0022_8.0_45.0_HDE283809-PROC-vfvDFTP_q002_e.fits,22,2019-04-17T10:09:14.295,HDE283809,8,J,45.0,q002,e,0,True,9.9,37,False,4.5,5.0,1,30000,4,medmask,median
_lv3/SP_20190417/j_20190417_0023_8.0_22.5_HDE283809-PROC-vfvDFTP_u002_e.fits,23,2019-04-17T10:09:40.129,HDE283809,8,J,22.5,u002,e,0,True,9.9,37,False,4.5,5.0,1,30000,4,medmask,median
_lv3/SP_20190417/j_20190417_0024_8.0_67.5_HDE283809-PROC-vfvDFTP_u002_e.fits,24,2019-04-17T10:10:06.134,HDE283809,8,J,67.5,u002,e,0,True,9.9,37,False,4.5,5.0,1,30000,4,medmask,median
_lv3/SP_20190417/j_20190417_0025_8.0_00.0_HDE283809-PROC-vfvDFTP_q003_e.fits,25,2019-04-17T10:10:34.118,HDE283809,8,J,0.0,q003,e,0,True,9.9,37,False,4.5,5.0,1,30000,4,medmask,median
_lv3/SP_20190417/j_20190417_0026_8.0_45.0_HDE283809-PROC-vfvDFTP_q003_e.fits,26,2019-04-17T10:11:00.4,HDE283809,8,J,45.0,q003,e,0,True,9.9,37,False,4.5,5.0,1,30000,4,medmask,median
_lv3/SP_20190417/j_20190417_0027_8.0_22.5_HDE283809-PROC-vfvDFTP_u003_e.fits,27,2019-04-17T10:11:25.946,HDE283809,8,J,22.5,u003,e,0,True,9.9,37,False,4.5,5.0,1,30000,4,medmask,median
_lv3/SP_20190417/j_20190417_0028_8.0_67.5_HDE283809-PROC-vfvDFTP_u003_e.fits,28,2019-04-17T10:11:51.826,HDE283809,8,J,67.5,u003,e,0,True,9.9,37,False,4.5,5.0,1,30000,4,medmask,median
_lv3/SP_20190417/j_20190417_0041_8.0_00.0_Elias29-PROC-vfvDFTP_q001_e.fits,41,2019-04-17T10:20:54.432,Elias29,8,J,0.0,q001,e,0,True,9.9,37,False,4.5,5.0,1,30000,4,medmask,median
_lv3/SP_20190417/j_20190417_0042_8.0_45.0_Elias29-PROC-vfvDFTP_q001_e.fits,42,2019-04-17T10:21:20.416,Elias29,8,J,45.0,q001,e,0,True,9.9,37,False,4.5,5.0,1,30000,4,medmask,median
_lv3/SP_20190417/j_20190417_0043_8.0_22.5_Elias29-PROC-vfvDFTP_u001_e.fits,43,2019-04-17T10:21:46.402,Elias29,8,J,22.5,u001,e,0,True,9.9,37,False,4.5,5.0,1,30000,4,medmask,median
_lv3/SP_20190417/j_20190417_0044_8.0_67.5_Elias29-PROC-vfvDFTP_u001_e.fits,44,2019-04-17T10:22:12.274,Elias29,8,J,67.5,u001,e,0,True,9.9,37,False,4.5,5.0,1,30000,4,medmask,median
_lv3/SP_20190417/j_20190417_0045_8.0_00.0_Elias29-PROC-vfvDFTP_q002_e.fits,45,2019-04-17T10:22:45.180,Elias29,8,J,0.0,q002,e,0,True,9.9,37,False,4.5,5.0,1,30000,4,medmask,median
_lv3/SP_20190417/j_20190417_0046_8.0_45.0_Elias29-PROC-vfvDFTP_q002_e.fits,46,2019-04-17T10:23:10.963,Elias29,8,J,45.0,q002,e,0,True,9.9,37,False,4.5,5.0,1,30000,4,medmask,median
_lv3/SP_20190417/j_20190417_0047_8.0_22.5_Elias29-PROC-vfvDFTP_u002_e.fits,47,2019-04-17T10:23:38.970,Elias29,8,J,22.5,u002,e,0,True,9.9,37,False,4.5,5.0,1,30000,4,medmask,median
_lv3/SP_20190417/j_20190417_0048_8.0_67.5_Elias29-PROC-vfvDFTP_u002_e.fits,48,2019-04-17T10:24:06.182,Elias29,8,J,67.5,u002,e,0,True,9.9,37,False,4.5,5.0,1,30000,4,medmask,median
_lv3/SP_20190417/j_20190417_0049_8.0_00.0_Elias29-PROC-vfvDFTP_q003_e.fits,49,2019-04-17T10:24:34.215,Elias29,8,J,0.0,q003,e,0,True,9.9,37,False,4.5,5.0,1,30000,4,medmask,median
_lv3/SP_20190417/j_20190417_0050_8.0_45.0_Elias29-PROC-vfvDFTP_q003_e.fits,50,2019-04-17T10:25:00.248,Elias29,8,J,45.0,q003,e,0,True,9.9,37,False,4.5,5.0,1,30000,4,medmask,median
_lv3/SP_20190417/j_20190417_0051_8.0_22.5_Elias29-PROC-vfvDFTP_u003_e.fits,51,2019-04-17T10:25:26.200,Elias29,8,J,22.5,u003,e,0,True,9.9,37,False,4.5,5.0,1,30000,4,medmask,median
_lv3/SP_20190417/j_20190417_0052_8.0_67.5_Elias29-PROC-vfvDFTP_u003_e.fits,52,2019-04-17T10:25:52.71,Elias29,8,J,67.5,u003,e,0,True,9.9,37,False,4.5,5.0,1,30000,4,medmask,median
_lv3/SP_20190417/h_20190417_0027_8.0_22.5_HDE283809-PROC-vfvDFTP_u003_o.fits,27,2019-04-17T10:11:25.946,HDE283809,8,H,22.5,u003,o,0,True,9.8,36,False,4.5,5.0,1,30000,4,medmask,median
_lv3/SP_20190417/h_20190417_0041_8.0_00.0_Elias29-PROC-vfvDFTP_q001_o.fits,41,2019-04-17T10:20:54.432,Elias29,8,H,0.0,q001,o,0,True,9.8,36,False,4.5,5.0,1,30000,4,medmask,median
_lv3/SP_20190417/h_20190417_0042_8.0_45.0_Elias29-PROC-vfvDFTP_q001_o.fits,42,2019-04-17T10:21:20.416,Elias29,8,H,45.0,q001,o,0,True,9.8,36,False,4.5,5.0,1,30000,4,medmask,median
_lv3/SP_20190417/h_20190417_0043_8.0_22.5_Elias29-PROC-vfvDFTP_u001_o.fits,43,2019-04-17T10:21:46.402,Elias29,8,H,22.5,u001,o,0,True,9.8,36,False,4.5,5.0,1,30000,4,medmask,median
_lv3/SP_20190417/h_20190417_0044_8.0_67.5_Elias29-PROC-vfvDFTP_u001_o.fits,44,2019-04-17T10:22:12.274,Elias29,8,H,67.5,u001,o,0,True,9.8,36,False,4.5,5.0,1,30000,4,medmask,median
_lv3/SP_20190417/h_20190417_0045_8.0_00.0_Elias29-PROC-vfvDFTP_q002_o.fits,45,2019-04-17T10:22:45.180,Elias29,8,H,0.0,q002,o,0,True,9.8,36,False,4.5,5.0,1,30000,4,medmask,median
_lv3/SP_20190417/h_20190417_0046_8.0_45.0_Elias29-PROC-vfvDFTP_q002_o.fits,46,2019-04-17T10:23:10.963,Elias29,8,H,45.0,q002,o,0,True,9.8,36,False,4.5,5.0,1,30000,4,medmask,median
_lv3/SP_20190417/h_20190417_0047_8.0_22.5_Elias29-PROC-vfvDFTP_u002_o.fits,47,2019-04-17T10:23:38.970,Elias29,8,H,22.5,u002,o,0,True,9.8,36,False,4.5,5.0,1,30000,4,medmask,median
_lv3/SP_20190417/h_20190417_0048_8.0_67.5_Elias29-PROC-vfvDFTP_u002_o.fits,48,2019-04-17T10:24:06.182,Elias29,8,H,67.5,u002,o,0,True,9.8,36,False,4.5,5.0,1,30000,4,medmask,median
_lv3/SP_20190417/h_20190417_0049_8.0_00.0_Elias29-PROC-vfvDFTP_q003_o.fits,49,2019-04-17T10:24:34.215,Elias29,8,H,0.0,q003,o,0,True,9.8,36,False,4.5,5.0,1,30000,4,medmask,median
_lv3/SP_20190417/h_20190417_0050_8.0_45.0_Elias29-PROC-vfvDFTP_q003_o.fits,50,2019-04-17T10:25:00.248,Elias29,8,H,45.0,q003,o,0,True,9.8,36,False,4.5,5.0,1,30000,4,medmask,median
_lv3/SP_20190417/h_20190417_0051_8.0_22.5_Elias29-PROC-vfvDFTP_u003_o.fits,51,2019-04-17T10:25:26.200,Elias29,8,H,22.5,u003,o,0,True,9.8,36,False,4.5,5.0,1,30000,4,medmask,median
_lv3/SP_20190417/h_20190417_0052_8.0_67.5_Elias29-PROC-vfvDFTP_u003_o.fits,52,2019-04-17T10:25:52.71,Elias29,8,H,67.5,u003,o,0,True,9.8,36,False,4.5,5.0,1,30000,4,medmask,median
_lv3/SP_20190417/h_20190417_0027_8.0_22.5_HDE283809-PROC-vfvDFTP_u003_e.fits,27,2019-04-17T10:11:25.946,HDE283809,8,H,22.5,u003,e,0,True,9.8,36,False,4.5,5.0,1,30000,4,medmask,median
_lv3/SP_20190417/h_20190417_0041_8.0_00.0_Elias29-PROC-vfvDFTP_q001_e.fits,41,2019-04-17T10:20:54.432,Elias29,8,H,0.0,q001,e,0,True,9.8,36,False,4.5,5.0,1,30000,4,medmask,median
_lv3/SP_20190417/h_20190417_0042_8.0_45.0_Elias29-PROC-vfvDFTP_q001_e.fits,42,2019-04-17T10:21:20.416,Elias29,8,H,45.0,q001,e,0,True,9.8,36,False,4.5,5.0,1,30000,4,medmask,median
_lv3/SP_20190417/h_20190417_0043_8.0_22.5_Elias29-PROC-vfvDFTP_u001_e.fits,43,2019-04-17T10:21:46.402,Elias29,8,H,22.5,u001,e,0,True,9.8,36,False,4.5,5.0,1,30000,4,medmask,median
_lv3/SP_20190417/h_20190417_0044_8.0_67.5_Elias29-PROC-vfvDFTP_u001_e.fits,44,2019-04-17T10:22:12.274,Elias29,8,H,67.5,u001,e,0,True,9.8,36,False,4.5,5.0,1,30000,4,medmask,median
_lv3/SP_20190417/h_20190417_0045_8.0_00.0_Elias29-PROC-vfvDFTP_q002_e.fits,45,2019-04-17T10:22:45.180,Elias29,8,H,0.0,q002,e,0,True,9.8,36,False,4.5,5.0,1,30000,4,medmask,median
_lv3/SP_20190417/h_20190417_0046_8.0_45.0_Elias29-PROC-vfvDFTP_q002_e.fits,46,2019-04-17T10:23:10.963,Elias29,8,H,45.0,q002,e,0,True,9.8,36,False,4.5,5.0,1,30000,4,medmask,median
_lv3/SP_20190417/h_20190417_0047_8.0_22.5_Elias29-PROC-vfvDFTP_u002_e.fits,47,2019-04-17T10:23:38.970,Elias29,8,H,22.5,u002,e,0,True,9.8,36,False,4.5,5.0,1,30000,4,medmask,median
_lv3/SP_20190417/h_20190417_0048_8.0_67.5_Elias29-PROC-vfvDFTP_u002_e.fits,48,2019-04-17T10:24:06.182,Elias29,8,H,67.5,u002,e,0,True,9.8,36,False,4.5,5.0,1,30000,4,medmask,median
_lv3/SP_20190417/h_20190417_0049_8.0_00.0_Elias29-PROC-vfvDFTP_q003_e.fits,49,2019-04-17T10:24:34.215,Elias29,8,H,0.0,q003,e,0,True,9.8,36,False,4.5,5.0,1,30000,4,medmask,median
_lv3/SP_20190417/h_20190417_0050_8.0_45.0_Elias29-PROC-vfvDFTP_q003_e.fits,50,2019-04-17T10:25:00.248,Elias29,8,H,45.0,q003,e,0,True,9.8,36,False,4.5,5.0,1,30000,4,medmask,median
_lv3/SP_20190417/h_20190417_0051_8.0_22.5_Elias29-PROC-vfvDFTP_u003_e.fits,51,2019-04-17T10:25:26.200,Elias29,8,H,22.5,u003,e,0,True,9.8,36,False,4.5,5.0,1,30000,4,medmask,median
_lv3/SP_20190417/h_20190417_0052_8.0_67.5_Elias29-PROC-vfvDFTP_u003_e.fits,52,2019-04-17T10:25:52.71,Elias29,8,H,67.5,u003,e,0,True,9.8,36,False,4.5,5.0,1,30000,4,medmask,median
_lv3/SP_20190417/k_20190417_0017_8.0_00.0_HDE283809-PROC-vfvDFTP_q001_o.fits,17,2019-04-17T10:06:31.288,HDE283809,8,K,0.0,q001,o,0,True,9.5,35,False,4.5,5.0,1,30000,4,medmask,median
_lv3/SP_20190417/k_20190417_0018_8.0_45.0_HDE283809-PROC-vfvDFTP_q001_o.fits,18,2019-04-17T10:06:57.254,HDE283809,8,K,45.0,q001,o,0,True,9.5,35,False,4.5,5.0,1,30000,4,medmask,median
_lv3/SP_20190417/k_20190417_0019_8.0_22.5_HDE283809-PROC-vfvDFTP_u001_o.fits,19,2019-04-17T10:07:23.379,HDE283809,8,K,22.5,u001,o,0,True,9.5,35,False,4.5,5.0,1,30000,4,medmask,median
_lv3/SP_20190417/k_20190417_0020_8.0_67.5_HDE283809-PROC-vfvDFTP_u001_o.fits,20,2019-04-17T10:07:49.385,HDE283809,8,K,67.5,u001,o,0,True,9.5,35,False,4.5,5.0,1,30000,4,medmask,median
_lv3/SP_20190417/k_20190417_0021_8.0_00.0_HDE283809-PROC-vfvDFTP_q002_o.fits,21,2019-04-17T10:08:46.795,HDE283809,8,K,0.0,q002,o,0,True,9.5,35,False,4.5,5.0,1,30000,4,medmask,median
_lv3/SP_20190417/k_20190417_0022_8.0_45.0_HDE283809-PROC-vfvDFTP_q002_o.fits,22,2019-04-17T10:09:14.295,HDE283809,8,K,45.0,q002,o,0,True,9.5,35,False,4.5,5.0,1,30000,4,medmask,median
_lv3/SP_20190417/k_20190417_0023_8.0_22.5_HDE283809-PROC-vfvDFTP_u002_o.fits,23,2019-04-17T10:09:40.129,HDE283809,8,K,22.5,u002,o,0,True,9.5,35,False,4.5,5.0,1,30000,4,medmask,median
_lv3/SP_20190417/k_20190417_0024_8.0_67.5_HDE283809-PROC-vfvDFTP_u002_o.fits,24,2019-04-17T10:10:06.134,HDE283809,8,K,67.5,u002,o,0,True,9.5,35,False,4.5,5.0,1,30000,4,medmask,median
_lv3/SP_20190417/k_20190417_0025_8.0_00.0_HDE283809-PROC-vfvDFTP_q003_o.fits,25,2019-04-17T10:10:34.118,HDE283809,8,K,0.0,q003,o,0,True,9.5,35,False,4.5,5.0,1,30000,4,medmask,median
_lv3/SP_20190417/k_20190417_0026_8.0_45.0_HDE283809-PROC-vfvDFTP_q003_o.fits,26,2019-04-17T10:11:00.4,HDE283809,8,K,45.0,q003,o,0,True,9.5,35,False,4.5,5.0,1,30000,4,medmask,median
_lv3/SP_20190417/k_20190417_0027_8.0_22.5_HDE283809-PROC-vfvDFTP_u003_o.fits,27,2019-04-17T10:11:25.946,HDE283809,8,K,22.5,u003,o,0,True,9.5,35,False,4.5,5.0,1,30000,4,medmask,median
_lv3/SP_20190417/k_20190417_0028_8.0_67.5_HDE283809-PROC-vfvDFTP_u003_o.fits,28,2019-04-17T10:11:51.826,HDE283809,8,K,67.5,u003,o,0,True,9.5,35,False,4.5,5.0,1,30000,4,medmask,median
_lv3/SP_20190417/k_20190417_0041_8.0_00.0_Elias29-PROC-vfvDFTP_q001_o.fits,41,2019-04-17T10:20:54.432,Elias29,8,K,0.0,q001,o,0,True,9.5,35,False,4.5,5.0,1,30000,4,medmask,median
_lv3/SP_20190417/k_20190417_0042_8.0_45.0_Elias29-PROC-vfvDFTP_q001_o.fits,42,2019-04-17T10:21:20.416,Elias29,8,K,45.0,q001,o,0,True,9.5,35,False,4.5,5.0,1,30000,4,medmask,median
_lv3/SP_20190417/k_20190417_0043_8.0_22.5_Elias29-PROC-vfvDFTP_u001_o.fits,43,2019-04-17T10:21:46.402,Elias29,8,K,22.5,u001,o,0,True,9.5,35,False,4.5,5.0,1,30000,4,medmask,median
_lv3/SP_20190417/k_20190417_0044_8.0_67.5_Elias29-PROC-vfvDFTP_u001_o.fits,44,2019-04-17T10:22:12.274,Elias29,8,K,67.5,u001,o,0,True,9.5,35,False,4.5,5.0,1,30000,4,medmask,median
_lv3/SP_20190417/k_20190417_0045_8.0_00.0_Elias29-PROC-vfvDFTP_q002_o.fits,45,2019-04-17T10:22:45.180,Elias29,8,K,0.0,q002,o,0,True,9.5,35,False,4.5,5.0,1,30000,4,medmask,median
_lv3/SP_20190417/k_20190417_0046_8.0_45.0_Elias29-PROC-vfvDFTP_q002_o.fits,46,2019-04-17T10:23:10.963,Elias29,8,K,45.0,q002,o,0,True,9.5,35,False,4.5,5.0,1,30000,4,medmask,median
_lv3/SP_20190417/k_20190417_0047_8.0_22.5_Elias29-PROC-vfvDFTP_u002_o.fits,47,2019-04-17T10:23:38.970,Elias29,8,K,22.5,u002,o,0,True,9.5,35,False,4.5,5.0,1,30000,4,medmask,median
_lv3/SP_20190417/k_20190417_0048_8.0_67.5_Elias29-PROC-vfvDFTP_u002_o.fits,48,2019-04-17T10:24:06.182,Elias29,8,K,67.5,u002,o,0,True,9.5,35,False,4.5,5.0,1,30000,4,medmask,median
_lv3/SP_20190417/k_20190417_0049_8.0_00.0_Elias29-PROC-vfvDFTP_q003_o.fits,49,2019-04-17T10:24:34.215,Elias29,8,K,0.0,q003,o,0,True,9.5,35,False,4.5,5.0,1,30000,4,medmask,median
_lv3/SP_20190417/k_20190417_0050_8.0_45.0_Elias29-PROC-vfvDFTP_q003_o.fits,50,2019-04-17T10:25:00.248,Elias29,8,K,45.0,q003,o,0,True,9.5,35,False,4.5,5.0,1,30000,4,medmask,median
_lv3/SP_20190417/k_20190417_0051_8.0_22.5_Elias29-PROC-vfvDFTP_u003_o.fits,51,2019-04-17T10:25:26.200,Elias29,8,K,22.5,u003,o,0,True,9.5,35,False,4.5,5.0,1,30000,4,medmask,median
_lv3/SP_20190417/k_20190417_0052_8.0_67.5_Elias29-PROC-vfvDFTP_u003_o.fits,52,2019-04-17T10:25:52.71,Elias29,8,K,67.5,u003,o,0,True,9.5,35,False,4.5,5.0,1,30000,4,medmask,median
_lv3/SP_20190417/k_20190417_0017_8.0_00.0_HDE283809-PROC-vfvDFTP_q001_e.fits,17,2019-04-17T10:06:31.288,HDE283809,8,K,0.0,q001,e,0,True,9.5,35,False,4.5,5.0,1,30000,4,medmask,median
_lv3/SP_20190417/k_20190417_0018_8.0_45.0_HDE283809-PROC-vfvDFTP_q001_e.fits,18,2019-04-17T10:06:57.254,HDE283809,8,K,45.0,q001,e,0,True,9.5,35,False,4.5,5.0,1,30000,4,medmask,median
_lv3/SP_20190417/k_20190417_0019_8.0_22.5_HDE283809-PROC-vfvDFTP_u001_e.fits,19,2019-04-17T10:07:23.379,HDE283809,8,K,22.5,u001,e,0,True,9.5,35,False,4.5,5.0,1,30000,4,medmask,median
_lv3/SP_20190417/k_20190417_0020_8.0_67.5_HDE283809-PROC-vfvDFTP_u001_e.fits,20,2019-04-17T10:07:49.385,HDE283809,8,K,67.5,u001,e,0,True,9.5,35,False,4.5,5.0,1,30000,4,medmask,median
_lv3/SP_20190417/k_20190417_0021_8.0_00.0_HDE283809-PROC-vfvDFTP_q002_e.fits,21,2019-04-17T10:08:46.795,HDE283809,8,K,0.0,q002,e,0,True,9.5,35,False,4.5,5.0,1,30000,4,medmask,median
_lv3/SP_20190417/k_20190417_0022_8.0_45.0_HDE283809-PROC-vfvDFTP_q002_e.fits,22,2019-04-17T10:09:14.295,HDE283809,8,K,45.0,q002,e,0,True,9.5,35,False,4.5,5.0,1,30000,4,medmask,median
_lv3/SP_20190417/k_20190417_0023_8.0_22.5_HDE283809-PROC-vfvDFTP_u002_e.fits,23,2019-04-17T10:09:40.129,HDE283809,8,K,22.5,u002,e,0,True,9.5,35,False,4.5,5.0,1,30000,4,medmask,median
_lv3/SP_20190417/k_20190417_0024_8.0_67.5_HDE283809-PROC-vfvDFTP_u002_e.fits,24,2019-04-17T10:10:06.134,HDE283809,8,K,67.5,u002,e,0,True,9.5,35,False,4.5,5.0,1,30000,4,medmask,median
_lv3/SP_20190417/k_20190417_0025_8.0_00.0_HDE283809-PROC-vfvDFTP_q003_e.fits,25,2019-04-17T10:10:34.118,HDE283809,8,K,0.0,q003,e,0,True,9.5,35,False,4.5,5.0,1,30000,4,medmask,median
_lv3/SP_20190417/k_20190417_0026_8.0_45.0_HDE283809-PROC-vfvDFTP_q003_e.fits,26,2019-04-17T10:11:00.4,HDE283809,8,K,45.0,q003,e,0,True,9.5,35,False,4.5,5.0,1,30000,4,medmask,median
_lv3/SP_20190417/k_20190417_0027_8.0_22.5_HDE283809-PROC-vfvDFTP_u003_e.fits,27,2019-04-17T10:11:25.946,HDE283809,8,K,22.5,u003,e,0,True,9.5,35,False,4.5,5.0,1,30000,4,medmask,median
_lv3/SP_20190417/k_20190417_0028_8.0_67.5_HDE283809-PROC-vfvDFTP_u003_e.fits,28,2019-04-17T10:11:51.826,HDE283809,8,K,67.5,u003,e,0,True,9.5,35,False,4.5,5.0,1,30000,4,medmask,median
_lv3/SP_20190417/k_20190417_0041_8.0_00.0_Elias29-PROC-vfvDFTP_q001_e.fits,41,2019-04-17T10:20:54.432,Elias29,8,K,0.0,q001,e,0,True,9.5,35,False,4.5,5.0,1,30000,4,medmask,median
_lv3/SP_20190417/k_20190417_0042_8.0_45.0_Elias29-PROC-vfvDFTP_q001_e.fits,42,2019-04-17T10:21:20.416,Elias29,8,K,45.0,q001,e,0,True,9.5,35,False,4.5,5.0,1,30000,4,medmask,median
_lv3/SP_20190417/k_20190417_0043_8.0_22.5_Elias29-PROC-vfvDFTP_u001_e.fits,43,2019-04-17T10:21:46.402,Elias29,8,K,22.5,u001,e,0,True,9.5,35,False,4.5,5.0,1,30000,4,medmask,median
_lv3/SP_20190417/k_20190417_0044_8.0_67.5_Elias29-PROC-vfvDFTP_u001_e.fits,44,2019-04-17T10:22:12.274,Elias29,8,K,67.5,u001,e,0,True,9.5,35,False,4.5,5.0,1,30000,4,medmask,median
_lv3/SP_20190417/k_20190417_0045_8.0_00.0_Elias29-PROC-vfvDFTP_q002_e.fits,45,2019-04-17T10:22:45.180,Elias29,8,K,0.0,q002,e,0,True,9.5,35,False,4.5,5.0,1,30000,4,medmask,median
_lv3/SP_20190417/k_20190417_0046_8.0_45.0_Elias29-PROC-vfvDFTP_q002_e.fits,46,2019-04-17T10:23:10.963,Elias29,8,K,45.0,q002,e,0,True,9.5,35,False,4.5,5.0,1,30000,4,medmask,median
_lv3/SP_20190417/k_20190417_0047_8.0_22.5_Elias29-PROC-vfvDFTP_u002_e.fits,47,2019-04-17T10:23:38.970,Elias29,8,K,22.5,u002,e,0,True,9.5,35,False,4.5,5.0,1,30000,4,medmask,median
_lv3/SP_20190417/k_20190417_0048_8.0_67.5_Elias29-PROC-vfvDFTP_u002_e.fits,48,2019-04-17T10:24:06.182,Elias29,8,K,67.5,u002,e,0,True,9.5,35,False,4.5,5.0,1,30000,4,medmask,median
_lv3/SP_20190417/k_20190417_0049_8.0_00.0_Elias29-PROC-vfvDFTP_q003_e.fits,49,2019-04-17T10:24:34.215,Elias29,8,K,0.0,q003,e,0,True,9.5,35,False,4.5,5.0,1,30000,4,medmask,median
_lv3/SP_20190417/k_20190417_0050_8.0_45.0_Elias29-PROC-vfvDFTP_q003_e.fits,50,2019-04-17T10:25:00.248,Elias29,8,K,45.0,q003,e,0,True,9.5,35,False,4.5,5.0,1,30000,4,medmask,median
_lv3/SP_20190417/k_20190417_0051_8.0_22.5_Elias29-PROC-vfvDFTP_u003_e.fits,51,2019-04-17T10:25:26.200,Elias29,8,K,22.5,u003,e,0,True,9.5,35,False,4.5,5.0,1,30000,4,medmask,median
_lv3/SP_20190417/k_20190417_0052_8.0_67.5_Elias29-PROC-vfvDFTP_u003_e.fits,52,2019-04-17T10:25:52.71,Elias29,8,K,67.5,u003,e,0,True,9.5,35,False,4.5,5.0,1,30000,4,medmask,median
