file,DATE-OBS,FILTER,OBJECT,OERAY,REMOVEIT,do_crrej,gain,rdnoise,sepmed,sigclip,sigfrac,objlim,satlevel,niter,cleantype,fs,FRINCID
_lv3/SP_20190417/j_20190417_0029_8.0_00.0_HDE283809_sky-PROC-vfvDFTP_q001_o.fits,2019-04-17T10:13:21.81,J,HDE283809_sky,o,0,True,9.9,37,False,4.5,5.0,1,30000,4,medmask,median,J_HDE283809_sky_001_o
_lv3/SP_20190417/j_20190417_0030_8.0_45.0_HDE283809_sky-PROC-vfvDFTP_q001_o.fits,2019-04-17T10:13:41.84,J,HDE283809_sky,o,0,True,9.9,37,False,4.5,5.0,1,30000,4,medmask,median,J_HDE283809_sky_001_o
_lv3/SP_20190417/j_20190417_0031_8.0_22.5_HDE283809_sky-PROC-vfvDFTP_u001_o.fits,2019-04-17T10:14:01.143,J,HDE283809_sky,o,0,True,9.9,37,False,4.5,5.0,1,30000,4,medmask,median,J_HDE283809_sky_001_o
_lv3/SP_20190417/j_20190417_0032_8.0_67.5_HDE283809_sky-PROC-vfvDFTP_u001_o.fits,2019-04-17T10:14:21.153,J,HDE283809_sky,o,0,True,9.9,37,False,4.5,5.0,1,30000,4,medmask,median,J_HDE283809_sky_001_o
_lv3/SP_20190417/j_20190417_0053_8.0_00.0_Elias29_sky-PROC-vfvDFTP_q001_o.fits,2019-04-17T10:26:50.420,J,Elias29_sky,o,0,True,9.9,37,False,4.5,5.0,1,30000,4,medmask,median,J_Elias29_sky_001_o
_lv3/SP_20190417/j_20190417_0054_8.0_45.0_Elias29_sky-PROC-vfvDFTP_q001_o.fits,2019-04-17T10:27:10.413,J,Elias29_sky,o,0,True,9.9,37,False,4.5,5.0,1,30000,4,medmask,median,J_Elias29_sky_001_o
_lv3/SP_20190417/j_20190417_0055_8.0_22.5_Elias29_sky-PROC-vfvDFTP_u001_o.fits,2019-04-17T10:27:30.470,J,Elias29_sky,o,0,True,9.9,37,False,4.5,5.0,1,30000,4,medmask,median,J_Elias29_sky_001_o
_lv3/SP_20190417/j_20190417_0056_8.0_67.5_Elias29_sky-PROC-vfvDFTP_u001_o.fits,2019-04-17T10:27:50.411,J,Elias29_sky,o,0,True,9.9,37,False,4.5,5.0,1,30000,4,medmask,median,J_Elias29_sky_001_o
_lv3/SP_20190417/j_20190417_0029_8.0_00.0_HDE283809_sky-PROC-vfvDFTP_q001_e.fits,2019-04-17T10:13:21.81,J,HDE283809_sky,e,0,True,9.9,37,False,4.5,5.0,1,30000,4,medmask,median,J_HDE283809_sky_001_e
_lv3/SP_20190417/j_20190417_0030_8.0_45.0_HDE283809_sky-PROC-vfvDFTP_q001_e.fits,2019-04-17T10:13:41.84,J,HDE283809_sky,e,0,True,9.9,37,False,4.5,5.0,1,30000,4,medmask,median,J_HDE283809_sky_001_e
_lv3/SP_20190417/j_20190417_0031_8.0_22.5_HDE283809_sky-PROC-vfvDFTP_u001_e.fits,2019-04-17T10:14:01.143,J,HDE283809_sky,e,0,True,9.9,37,False,4.5,5.0,1,30000,4,medmask,median,J_HDE283809_sky_001_e
_lv3/SP_20190417/j_20190417_0032_8.0_67.5_HDE283809_sky-PROC-vfvDFTP_u001_e.fits,2019-04-17T10:14:21.153,J,HDE283809_sky,e,0,True,9.9,37,False,4.5,5.0,1,30000,4,medmask,median,J_HDE283809_sky_001_e
_lv3/SP_20190417/j_20190417_0053_8.0_00.0_Elias29_sky-PROC-vfvDFTP_q001_e.fits,2019-04-17T10:26:50.420,J,Elias29_sky,e,0,True,9.9,37,False,4.5,5.0,1,30000,4,medmask,median,J_Elias29_sky_001_e
_lv3/SP_20190417/j_20190417_0054_8.0_45.0_Elias29_sky-PROC-vfvDFTP_q001_e.fits,2019-04-17T10:27:10.413,J,Elias29_sky,e,0,True,9.9,37,False,4.5,5.0,1,30000,4,medmask,median,J_Elias29_sky_001_e
_lv3/SP_20190417/j_20190417_0055_8.0_22.5_Elias29_sky-PROC-vfvDFTP_u001_e.fits,2019-04-17T10:27:30.470,J,Elias29_sky,e,0,True,9.9,37,False,4.5,5.0,1,30000,4,medmask,median,J_Elias29_sky_001_e
_lv3/SP_20190417/j_20190417_0056_8.0_67.5_Elias29_sky-PROC-vfvDFTP_u001_e.fits,2019-04-17T10:27:50.411,J,Elias29_sky,e,0,True,9.9,37,False,4.5,5.0,1,30000,4,medmask,median,J_Elias29_sky_001_e
_lv3/SP_20190417/h_20190417_0029_8.0_00.0_HDE283809_sky-PROC-vfvDFTP_q001_o.fits,2019-04-17T10:13:21.81,H,HDE283809_sky,o,0,True,9.8,36,False,4.5,5.0,1,30000,4,medmask,median,H_HDE283809_sky_001_o
_lv3/SP_20190417/h_20190417_0030_8.0_45.0_HDE283809_sky-PROC-vfvDFTP_q001_o.fits,2019-04-17T10:13:41.84,H,HDE283809_sky,o,0,True,9.8,36,False,4.5,5.0,1,30000,4,medmask,median,H_HDE283809_sky_001_o
_lv3/SP_20190417/h_20190417_0031_8.0_22.5_HDE283809_sky-PROC-vfvDFTP_u001_o.fits,2019-04-17T10:14:01.143,H,HDE283809_sky,o,0,True,9.8,36,False,4.5,5.0,1,30000,4,medmask,median,H_HDE283809_sky_001_o
_lv3/SP_20190417/h_20190417_0032_8.0_67.5_HDE283809_sky-PROC-vfvDFTP_u001_o.fits,2019-04-17T10:14:21.153,H,HDE283809_sky,o,0,True,9.8,36,False,4.5,5.0,1,30000,4,medmask,median,H_HDE283809_sky_001_o
_lv3/SP_20190417/h_20190417_0053_8.0_00.0_Elias29_sky-PROC-vfvDFTP_q001_o.fits,2019-04-17T10:26:50.420,H,Elias29_sky,o,0,True,9.8,36,False,4.5,5.0,1,30000,4,medmask,median,H_Elias29_sky_001_o
_lv3/SP_20190417/h_20190417_0054_8.0_45.0_Elias29_sky-PROC-vfvDFTP_q001_o.fits,2019-04-17T10:27:10.413,H,Elias29_sky,o,0,True,9.8,36,False,4.5,5.0,1,30000,4,medmask,median,H_Elias29_sky_001_o
_lv3/SP_20190417/h_20190417_0055_8.0_22.5_Elias29_sky-PROC-vfvDFTP_u001_o.fits,2019-04-17T10:27:30.470,H,Elias29_sky,o,0,True,9.8,36,False,4.5,5.0,1,30000,4,medmask,median,H_Elias29_sky_001_o
_lv3/SP_20190417/h_20190417_0056_8.0_67.5_Elias29_sky-PROC-vfvDFTP_u001_o.fits,2019-04-17T10:27:50.411,H,Elias29_sky,o,0,True,9.8,36,False,4.5,5.0,1,30000,4,medmask,median,H_Elias29_sky_001_o
_lv3/SP_20190417/h_20190417_0029_8.0_00.0_HDE283809_sky-PROC-vfvDFTP_q001_e.fits,2019-04-17T10:13:21.81,H,HDE283809_sky,e,0,True,9.8,36,False,4.5,5.0,1,30000,4,medmask,median,H_HDE283809_sky_001_e
_lv3/SP_20190417/h_20190417_0030_8.0_45.0_HDE283809_sky-PROC-vfvDFTP_q001_e.fits,2019-04-17T10:13:41.84,H,HDE283809_sky,e,0,True,9.8,36,False,4.5,5.0,1,30000,4,medmask,median,H_HDE283809_sky_001_e
_lv3/SP_20190417/h_20190417_0031_8.0_22.5_HDE283809_sky-PROC-vfvDFTP_u001_e.fits,2019-04-17T10:14:01.143,H,HDE283809_sky,e,0,True,9.8,36,False,4.5,5.0,1,30000,4,medmask,median,H_HDE283809_sky_001_e
_lv3/SP_20190417/h_20190417_0032_8.0_67.5_HDE283809_sky-PROC-vfvDFTP_u001_e.fits,2019-04-17T10:14:21.153,H,HDE283809_sky,e,0,True,9.8,36,False,4.5,5.0,1,30000,4,medmask,median,H_HDE283809_sky_001_e
_lv3/SP_20190417/h_20190417_0053_8.0_00.0_Elias29_sky-PROC-vfvDFTP_q001_e.fits,2019-04-17T10:26:50.420,H,Elias29_sky,e,0,True,9.8,36,False,4.5,5.0,1,30000,4,medmask,median,H_Elias29_sky_001_e
_lv3/SP_20190417/h_20190417_0054_8.0_45.0_Elias29_sky-PROC-vfvDFTP_q001_e.fits,2019-04-17T10:27:10.413,H,Elias29_sky,e,0,True,9.8,36,False,4.5,5.0,1,30000,4,medmask,median,H_Elias29_sky_001_e
_lv3/SP_20190417/h_20190417_0055_8.0_22.5_Elias29_sky-PROC-vfvDFTP_u001_e.fits,2019-04-17T10:27:30.470,H,Elias29_sky,e,0,True,9.8,36,False,4.5,5.0,1,30000,4,medmask,median,H_Elias29_sky_001_e
_lv3/SP_20190417/h_20190417_0056_8.0_67.5_Elias29_sky-PROC-vfvDFTP_u001_e.fits,2019-04-17T10:27:50.411,H,Elias29_sky,e,0,True,9.8,36,False,4.5,5.0,1,30000,4,medmask,median,H_Elias29_sky_001_e
_lv3/SP_20190417/k_20190417_0029_8.0_00.0_HDE283809_sky-PROC-vfvDFTP_q001_o.fits,2019-04-17T10:13:21.81,K,HDE283809_sky,o,0,True,9.5,35,False,4.5,5.0,1,30000,4,medmask,median,K_HDE283809_sky_001_o
_lv3/SP_20190417/k_20190417_0030_8.0_45.0_HDE283809_sky-PROC-vfvDFTP_q001_o.fits,2019-04-17T10:13:41.84,K,HDE283809_sky,o,0,True,9.5,35,False,4.5,5.0,1,30000,4,medmask,median,K_HDE283809_sky_001_o
_lv3/SP_20190417/k_20190417_0031_8.0_22.5_HDE283809_sky-PROC-vfvDFTP_u001_o.fits,2019-04-17T10:14:01.143,K,HDE283809_sky,o,0,True,9.5,35,False,4.5,5.0,1,30000,4,medmask,median,K_HDE283809_sky_001_o
_lv3/SP_20190417/k_20190417_0032_8.0_67.5_HDE283809_sky-PROC-vfvDFTP_u001_o.fits,2019-04-17T10:14:21.153,K,HDE283809_sky,o,0,True,9.5,35,False,4.5,5.0,1,30000,4,medmask,median,K_HDE283809_sky_001_o
_lv3/SP_20190417/k_20190417_0053_8.0_00.0_Elias29_sky-PROC-vfvDFTP_q001_o.fits,2019-04-17T10:26:50.420,K,Elias29_sky,o,0,True,9.5,35,False,4.5,5.0,1,30000,4,medmask,median,K_Elias29_sky_001_o
_lv3/SP_20190417/k_20190417_0054_8.0_45.0_Elias29_sky-PROC-vfvDFTP_q001_o.fits,2019-04-17T10:27:10.413,K,Elias29_sky,o,0,True,9.5,35,False,4.5,5.0,1,30000,4,medmask,median,K_Elias29_sky_001_o
_lv3/SP_20190417/k_20190417_0055_8.0_22.5_Elias29_sky-PROC-vfvDFTP_u001_o.fits,2019-04-17T10:27:30.470,K,Elias29_sky,o,0,True,9.5,35,False,4.5,5.0,1,30000,4,medmask,median,K_Elias29_sky_001_o
_lv3/SP_20190417/k_20190417_0056_8.0_67.5_Elias29_sky-PROC-vfvDFTP_u001_o.fits,2019-04-17T10:27:50.411,K,Elias29_sky,o,0,True,9.5,35,False,4.5,5.0,1,30000,4,medmask,median,K_Elias29_sky_001_o
_lv3/SP_20190417/k_20190417_0029_8.0_00.0_HDE283809_sky-PROC-vfvDFTP_q001_e.fits,2019-04-17T10:13:21.81,K,HDE283809_sky,e,0,True,9.5,35,False,4.5,5.0,1,30000,4,medmask,median,K_HDE283809_sky_001_e
_lv3/SP_20190417/k_20190417_0030_8.0_45.0_HDE283809_sky-PROC-vfvDFTP_q001_e.fits,2019-04-17T10:13:41.84,K,HDE283809_sky,e,0,True,9.5,35,False,4.5,5.0,1,30000,4,medmask,median,K_HDE283809_sky_001_e
_lv3/SP_20190417/k_20190417_0031_8.0_22.5_HDE283809_sky-PROC-vfvDFTP_u001_e.fits,2019-04-17T10:14:01.143,K,HDE283809_sky,e,0,True,9.5,35,False,4.5,5.0,1,30000,4,medmask,median,K_HDE283809_sky_001_e
_lv3/SP_20190417/k_20190417_0032_8.0_67.5_HDE283809_sky-PROC-vfvDFTP_u001_e.fits,2019-04-17T10:14:21.153,K,HDE283809_sky,e,0,True,9.5,35,False,4.5,5.0,1,30000,4,medmask,median,K_HDE283809_sky_001_e
_lv3/SP_20190417/k_20190417_0053_8.0_00.0_Elias29_sky-PROC-vfvDFTP_q001_e.fits,2019-04-17T10:26:50.420,K,Elias29_sky,e,0,True,9.5,35,False,4.5,5.0,1,30000,4,medmask,median,K_Elias29_sky_001_e
_lv3/SP_20190417/k_20190417_0054_8.0_45.0_Elias29_sky-PROC-vfvDFTP_q001_e.fits,2019-04-17T10:27:10.413,K,Elias29_sky,e,0,True,9.5,35,False,4.5,5.0,1,30000,4,medmask,median,K_Elias29_sky_001_e
_lv3/SP_20190417/k_20190417_0055_8.0_22.5_Elias29_sky-PROC-vfvDFTP_u001_e.fits,2019-04-17T10:27:30.470,K,Elias29_sky,e,0,True,9.5,35,False,4.5,5.0,1,30000,4,medmask,median,K_Elias29_sky_001_e
_lv3/SP_20190417/k_20190417_0056_8.0_67.5_Elias29_sky-PROC-vfvDFTP_u001_e.fits,2019-04-17T10:27:50.411,K,Elias29_sky,e,0,True,9.5,35,False,4.5,5.0,1,30000,4,medmask,median,K_Elias29_sky_001_e
