file,DATE-OBS,OBJECT,FILTER,EXPTIME,POL-AGL1,OERAY
__logs/SP_20190417/cal-mfrin/mfrin_J_Elias29_sky_001_o.fits,2019-04-17T10:26:50.420,Elias29_sky,J,8,0.0,o
__logs/SP_20190417/cal-mfrin/mfrin_J_HDE283809_sky_001_o.fits,2019-04-17T10:13:21.81,HDE283809_sky,J,8,0.0,o
__logs/SP_20190417/cal-mfrin/mfrin_J_Elias29_sky_001_e.fits,2019-04-17T10:26:50.420,Elias29_sky,J,8,0.0,e
__logs/SP_20190417/cal-mfrin/mfrin_J_HDE283809_sky_001_e.fits,2019-04-17T10:13:21.81,HDE283809_sky,J,8,0.0,e
__logs/SP_20190417/cal-mfrin/mfrin_H_Elias29_sky_001_o.fits,2019-04-17T10:26:50.420,Elias29_sky,H,8,0.0,o
__logs/SP_20190417/cal-mfrin/mfrin_H_HDE283809_sky_001_o.fits,2019-04-17T10:13:21.81,HDE283809_sky,H,8,0.0,o
__logs/SP_20190417/cal-mfrin/mfrin_H_Elias29_sky_001_e.fits,2019-04-17T10:26:50.420,Elias29_sky,H,8,0.0,e
__logs/SP_20190417/cal-mfrin/mfrin_H_HDE283809_sky_001_e.fits,2019-04-17T10:13:21.81,HDE283809_sky,H,8,0.0,e
__logs/SP_20190417/cal-mfrin/mfrin_K_Elias29_sky_001_o.fits,2019-04-17T10:26:50.420,Elias29_sky,K,8,0.0,o
__logs/SP_20190417/cal-mfrin/mfrin_K_HDE283809_sky_001_o.fits,2019-04-17T10:13:21.81,HDE283809_sky,K,8,0.0,o
__logs/SP_20190417/cal-mfrin/mfrin_K_Elias29_sky_001_e.fits,2019-04-17T10:26:50.420,Elias29_sky,K,8,0.0,e
__logs/SP_20190417/cal-mfrin/mfrin_K_HDE283809_sky_001_e.fits,2019-04-17T10:13:21.81,HDE283809_sky,K,8,0.0,e
